img_name,page_url
雪千寻VS雪千紫 性感情姐妹花上演激情肉体碰撞,http://www.mzitu.com/104369
这样的极品美女 有没有勾起你金屋藏娇的幻想？,http://www.mzitu.com/104319
恰到好处的露 她把性感玩得更高级,http://www.mzitu.com/104224
性感小妖精刘懿萱床上黑丝诱惑 几个男人挡得住?,http://www.mzitu.com/104275
美人今夜为你绽放 最是那一瞬间的暴力美,http://www.mzitu.com/104175
已彻底沦陷 女神周妍希性感写真诱惑直击内心,http://www.mzitu.com/104134
温柔熟女颜忆霖 曼妙身姿散发男人最爱的体香,http://www.mzitu.com/104068
人美路子野 斗鱼女主播刘飞儿早期写真,http://www.mzitu.com/104029
性感尤物刘钰儿薄纱透视裙诱惑 热辣酮体一览无遗,http://www.mzitu.com/103985
岛国熟女中山惠 红润饱满性感香唇水嫩动人,http://www.mzitu.com/103952
黑丝配连衣裙 浓浓女人味 Beautyleg美腿写真 No.2084 Lucy,http://www.mzitu.com/103928
韩国MMbebekim性感不失清新 尽显妩媚女人味!,http://www.mzitu.com/103886
浑身都是看点 极品美女王雨纯性感写真福利满满,http://www.mzitu.com/103840
窒息般的诱惑 性感美女刘钰儿红色睡衣无比性感,http://www.mzitu.com/103794
秀人极品美女佑熙深深乳沟又白又嫩,http://www.mzitu.com/103747
酥胸大白腿的诱惑 天生尤物筱慧娇嫩欲滴,http://www.mzitu.com/103681
"看光光! 刘钰儿轻薄睡衣近乎透明,搔首弄姿曲线毕现",http://www.mzitu.com/103636
甜美可爱纯天然 刚满18岁的蜜柚Miyo有点害羞,http://www.mzitu.com/103531
淡淡的抚媚也撩人 正妹唐琪儿一改清纯玩性感,http://www.mzitu.com/103582
备好纸巾擦鼻血! 性感尤物叶佳颐劲爆豪乳坚挺诱人,http://www.mzitu.com/103478
秀人嫩模木木hanna女仆装激情上演情趣内衣诱惑,http://www.mzitu.com/103435
这身材真心无敌了 气质美女雨薇性感到爆炸,http://www.mzitu.com/103381
玉女佟蔓露酥胸 绝美曲线引人窒息,http://www.mzitu.com/103328
风骚型VS运动型VS女老师 三种尤物你喜欢哪一种,http://www.mzitu.com/103271
"长发披肩,电眼十足 气质MM小熊身姿优雅无限撩人",http://www.mzitu.com/103215
秋意渐浓 美少女幂书为你带来唯美暖意,http://www.mzitu.com/103151
一眼就入心的甜美 爱笑的女孩杨晨晨性感私房,http://www.mzitu.com/103105
姿势让人想入非非 极品美女梦溪床上露豪乳翘臀,http://www.mzitu.com/103051
清纯MM身材竟这么好 不柠bling最新写真秀美臀,http://www.mzitu.com/102992
嫩模陈亦菲情趣睡衣玩透视 散发性感女人味,http://www.mzitu.com/102875
清秀阳光不粘人 微微的性感温和而恬静,http://www.mzitu.com/102926
很酷也很温柔 性感美女爱丽莎绽放风姿韵味,http://www.mzitu.com/102820
女神级甜美妹子杨晨晨 酥胸美腿百看不腻,http://www.mzitu.com/102774
床上VS沙发上 晗大大VS李梓熙香艳肉体大PK,http://www.mzitu.com/102735
日本知名写真女星原干惠 气质之美秒杀半个AV圈,http://www.mzitu.com/102712
甜美笑容仙气十足 Beautyleg美腿写真 No.2083 Dora,http://www.mzitu.com/102690
短发小姐姐櫻井舞 性感红唇撩得人不要不要的,http://www.mzitu.com/102641
"无法一手掌控的幸福 名模伊若胸比脸大,臀更大",http://www.mzitu.com/102593
妹子美不美就看臀和腿 酸酱兔完美身材动作太撩人,http://www.mzitu.com/102547
性感女神送福利 土肥圆矮挫穷大尺度写真精彩绝伦,http://www.mzitu.com/102473
喷血诱惑! 蜜桃社新人梦溪性感写真大露八字奶,http://www.mzitu.com/102422
自带撩人特效 这种身材这种气质的女人太养眼了,http://www.mzitu.com/102370
唯美之中见豪放 寂寞王雨纯花下销魂,http://www.mzitu.com/102328
感觉身体被掏空 长腿女神周妍希女仆主题写真,http://www.mzitu.com/102283
性感美女桃子衣不蔽体 丰乳肥臀难抵诱惑,http://www.mzitu.com/102205
萌妹子不柠bling蜜桃美臀大白腿水嫩诱人,http://www.mzitu.com/102179
狐媚之脸如妲己 爆乳小柳岩泡泡浴真空露奶,http://www.mzitu.com/102138
翘臀妹子雨夕释放东方风情 时尚短发性感迷人,http://www.mzitu.com/102043
窒息般诱惑 尤女郎芊小童长发飘飘用婀娜身材征服你,http://www.mzitu.com/101977
农药妹子韵莉娜清纯可爱身材火爆 蜜桃翘臀紧致水嫩,http://www.mzitu.com/101921
温婉美女周妍希身材超棒 浑身散发着优雅端庄气质,http://www.mzitu.com/101873
谁来收了这撩人小妖精 傲娇萌萌从泳池浪到房间,http://www.mzitu.com/101826
怜悯诱惑 赵智妍的柔情一袭让你彻底沦陷,http://www.mzitu.com/101760
天性大解放 Sugar梁莹裸身床照销魂胴体一览无遗,http://www.mzitu.com/101718
美女模特陈宇曦性感图片 曼妙身姿惹人心痒,http://www.mzitu.com/101663
"放后学,渴望爱 依窗眺望的寂寞妹子夏美酱",http://www.mzitu.com/101553
短发美女凯竹buibui一抹红唇诉说了女人的风情万种,http://www.mzitu.com/101552
G奶女神赵馨玥情趣血滴子诱惑 精致V脸无可挑剔,http://www.mzitu.com/101498
跟随雪瑞Lisa躁动起来 一次满足你所有幻想,http://www.mzitu.com/101443
七夕妹子图送福利 一大波美女正在靠近,http://www.mzitu.com/101372
诗情画意宛如梦中人 白衣妹妹清纯得不可方物,http://www.mzitu.com/101322
清纯少女唐溪若充满灵气 透视蕾丝释放你的肾上腺素,http://www.mzitu.com/101256
极品尤物孙梦瑶酒店拍私房 搔首弄姿散发荷尔蒙,http://www.mzitu.com/101203
甜美容颜傲人的深沟 Beautyleg美腿写真 No.2083 Lena,http://www.mzitu.com/101181
温润美人沈佳熹娇羞无比 半遮半掩让人陶醉,http://www.mzitu.com/101130
洗澡为啥不脱衣服!! 实拍性感御姐浴缸穿透视睡衣泡澡,http://www.mzitu.com/101080
柳侑绮独特气质把性感与清纯都散发到了极致,http://www.mzitu.com/101049
不只是波霸 人体模特周妍希肤白貌美还有一双迷人腿,http://www.mzitu.com/100990
赤裸酮体若隐如现 性感女神妲己薄纱遮体妖艳勾魂,http://www.mzitu.com/100903
求滚床单! 寂寞小妖精床上辗转反侧无比销魂,http://www.mzitu.com/100849
日本熟女相泽仁美海边放飞自我 激起一阵阵乳波臀浪,http://www.mzitu.com/100827
女王气势扑面而来 女神沈诺馨百变造型私房写真,http://www.mzitu.com/100761
豪放欲女王雨纯酒店搔首弄姿风骚尽显,http://www.mzitu.com/100708
"惊人的乳量! 爆乳正妹露出深沟事业线,散发唯美气质",http://www.mzitu.com/100666
气质少妇不堪寂寞空虚 情趣透视装释放欲火,http://www.mzitu.com/100612
气质媚娘周妍希 美成这样却自称土肥圆矮挫穷,http://www.mzitu.com/100556
眼镜娘女秘书味道十足 撩裙露底超级风骚,http://www.mzitu.com/100528
身材魔鬼般妩媚动人 尤美人艾霓莎性感灵动定格美妙瞬间,http://www.mzitu.com/100462
梦瑶妹妹解锁情趣新玩法 露胸又开裆性感的恰到好处,http://www.mzitu.com/100420
丰满美女雪千寻的超大咪咪连奶牛看了都自卑,http://www.mzitu.com/100373
"女仆不乖,绑起来调教 霸气御姐杜花花情趣写真深情挑逗",http://www.mzitu.com/100323
慵懒酮体上下失守 性感少女夏美酱最新私照流出曲线诱人,http://www.mzitu.com/100260
清新养眼的俏皮少女不柠bling私房照既甜美又性感,http://www.mzitu.com/100202
青春的胴体晶莹剔透 极品美女唐琪儿全裸写真尺度大开,http://www.mzitu.com/100140
长发及腰美到窒息 宅男女神刘钰儿前凸后翘曲线动人,http://www.mzitu.com/100092
"熟女风情尤菲儿 充满欲望的肌肤,龙凤纹身性感升级",http://www.mzitu.com/100026
美女的眼睛会说话 Beautyleg美腿写真 No.2082 Nancy,http://www.mzitu.com/100005
好刺激啊 爆乳肥臀的知性少妇雪千寻扮护士玩SM,http://www.mzitu.com/99955
脱衣服撩大腿扭屁股 清纯女神唐琪儿玉女变欲女,http://www.mzitu.com/99889
美人孟思雨 像美丽丰满的美妙人妻又像惹人怜爱的小女友,http://www.mzitu.com/99823
黑丝美女安沛蕾热辣扭臀 温柔的眼神好撩人,http://www.mzitu.com/99792
重庆MM猩一豪放撕衣霸气露乳 完美身材让人怜爱,http://www.mzitu.com/99752
迷人香唇让你遐想 日本美女多田あさみ写真精选,http://www.mzitu.com/99717
颜值爆表身材逆天 性感欲女周妍希一丝不挂让你一次看个够,http://www.mzitu.com/99666
在半遮半掩间撩人心弦 性感熟女白茉丰满翘臀诱惑难挡,http://www.mzitu.com/99617
"巨乳控切勿错过! 18岁萌娘口罩姬,G杯美乳又圆又坚挺",http://www.mzitu.com/99566
两位美人暧昧缠绵 性感黑丝OL和制服护士拉拉诱惑,http://www.mzitu.com/99512
惹火身材堪比维密天使 极品美女穆菲菲抚媚电眼万种风情,http://www.mzitu.com/99460
每一寸肌肤都在挑逗 清纯女神傲娇萌萌傲人雪峰饱满诱惑,http://www.mzitu.com/99362
慵懒的性感最是诱人 清纯美女夏美酱床上翻滚令人脸红心跳,http://www.mzitu.com/99413
"贴身缠绵,无限精彩 美人周于希和闺蜜上演私房翘臀诱惑",http://www.mzitu.com/99331
"穿上和服,感受日本的性感韵味 精品美女芝芝Booty福利美图",http://www.mzitu.com/99289
"时而娇羞时而性感 艾琳娜扭动着香艳的身体,浑身蔓延着诱惑",http://www.mzitu.com/99223
紧身薄衣豪乳尽露 清纯嫩妹晓茜sunny抚媚起来这么性感,http://www.mzitu.com/99176
销魂表情让人沉醉 寂寞少妇王雨纯忘我享受激情时刻,http://www.mzitu.com/99129
满满诱惑的风骚时刻 性感御姐周妍希床上狂野卖弄完美身材,http://www.mzitu.com/99073
"夏日诱惑,谁更有激情？ 三个美女清凉上阵上演性感大PK",http://www.mzitu.com/99009
思春少女夏美酱 骚动的心很撩很浪,http://www.mzitu.com/98966
极品美女艾小青 浑身性感诠释了传说中的魔鬼天使!,http://www.mzitu.com/98900
"请自备纸巾! 女神周妍希倾情奉献,全裸泡泡浴画面太香艳",http://www.mzitu.com/98841
"美乳美臀,青春无敌 甜美嫩模仓井优香天台演绎日系风采",http://www.mzitu.com/98801
暧昧气氛撩人心弦 寂寞熟女雪瑞Lisa透明情趣睡衣秀出魔鬼身材,http://www.mzitu.com/98751
胸器十足的魔鬼身材 Beautyleg美腿写真 No.2081 PinQ,http://www.mzitu.com/98728
"不同的职业,不同的性感 美女模特穆菲菲360度的绝美瞬间",http://www.mzitu.com/98664
性感美女唐琪儿身材火辣 三点式内衣完美呈现诱人酥胸,http://www.mzitu.com/98617
性感魅惑尽显女人味 日本美女谷桃子端庄大方惹人爱,http://www.mzitu.com/98582
原汁原味最迷人 极品美女杨玉奴电眼勾魂丰满惹火,http://www.mzitu.com/98512
各种姿势信手拈来 软妹子方子萱丰满酥胸大长腿实在撩人,http://www.mzitu.com/98447
清纯小美女酥胸半露 一对白嫩美乳又大又圆,http://www.mzitu.com/98412
"火辣到喷鼻血 性感美女林熙解放翘臀,婀娜姿态勾勒出迷人S曲线",http://www.mzitu.com/98346
呼之欲出的豪胸饱满坚挺 粉嫩少女佳佳透视内衣一秒燃情,http://www.mzitu.com/98295
可清纯可性感 百变小魔女杨晨晨豪乳侧露骚气逼人,http://www.mzitu.com/98235
给你邻家姐姐版的甜美 性感美女晓迪浴缸美照性感十足,http://www.mzitu.com/98184
"小姐姐万分妩媚,撩人心扉 Beautyleg美腿写真 No.2080 Dora",http://www.mzitu.com/98156
妹子好像张馨予! 爆乳尤物王莹性感胸器的袭击扑面而来,http://www.mzitu.com/98095
旗袍轻熟女妩媚妖娆 性感美人爱丽莎Lisa浴室诱惑韵味十足,http://www.mzitu.com/98034
性感挑逗欲火难挡 日本女星原干惠宾馆上演湿身诱惑,http://www.mzitu.com/98005
怎一个”大”字了得 性感尤物赵伊彤情趣写真露妖艳大奶,http://www.mzitu.com/97954
"优雅的气质,完美的身材! 知性女人的魅力让人无法抗拒",http://www.mzitu.com/97908
与性感女神唐琪儿亲蜜出游 醉人的甜美似梦幻又香艳,http://www.mzitu.com/97854
从纯情小女生到成熟性感的尤物 躁热的心扭动着美好身材,http://www.mzitu.com/97792
暴力与风骚的结合 COS女神柳侑绮完美呈现春丽的性感与霸气!,http://www.mzitu.com/97760
让人不可自拔的闺房情趣 性感女神沈梦瑶扮娇妻美艳撩人,http://www.mzitu.com/97719
清新透彻的少女诱惑 性感不失清纯的美丽女研究生,http://www.mzitu.com/97656
美女主播酸酱兔人美身材好 每一寸肌肤都是一片风景,http://www.mzitu.com/97590
偷食禁果的纯情姐妹花 开房互摸尽情缠绵,http://www.mzitu.com/97549
时尚性感的都市御姐 Beautyleg美腿写真 No.2079 Winnie,http://www.mzitu.com/97523
巨乳美女李梓熙深V大开胸 露出粉红乳晕严重走光,http://www.mzitu.com/97462
成熟女人特有的风情 从骨子里流露出来的深刻的性感与风骚,http://www.mzitu.com/97412
日本美少女床上豪放扭动身姿 有点狂野的小性感,http://www.mzitu.com/97379
性感女神周妍希化身贴心娇媚女仆 想享受这温柔的服务吗？,http://www.mzitu.com/97340
性感大胸美女晓茜sunny 如洋娃娃般甜美可人,http://www.mzitu.com/97278
"这个夏天,与绝色小女人黄歆苑来一场慵懒的睡衣派对",http://www.mzitu.com/97238
寂寞女人丁筱南 暧昧的氛围呈现诱人的性感,http://www.mzitu.com/97180
竟用便利贴遮点！性感黑丝女秘书陌子Mandy美艳风骚大胆撩人,http://www.mzitu.com/97122
勾人心魄的烈焰红唇 赤裸尤物小九九带给你狂热的诱人胴体,http://www.mzitu.com/97100
酥胸半裸曲线毕露 美腿嫩模爱丽莎性感私房照妖媚撩人,http://www.mzitu.com/97034
"成熟又不张扬,优雅而性感 短发妹子凯竹人美波大超迷人",http://www.mzitu.com/96978
"伊人在床,缠绵悱恻 清新学生妹的诱惑带给你无尽的遐想",http://www.mzitu.com/96934
赤裸裸的展现完美身材 秀人女神月音瞳性感写真夺眼球,http://www.mzitu.com/96894
女秘书肉色丝袜性感诱人 Beautyleg美腿写真 No.2078 Lucy,http://www.mzitu.com/96875
"真豪乳阿我的天,胸比脸还大 巨奶护士Kitty梓熙湿身激凸",http://www.mzitu.com/96816
性感美女芝芝Booty福利写真不可错过 令人欲罢不能的美腿美臀诱惑,http://www.mzitu.com/96770
童颜巨乳始祖星野亚希最新写真 年近40依旧可爱性感,http://www.mzitu.com/96731
超级奶霸罗懿蓝性感私房写真 好一个胸器逼人！,http://www.mzitu.com/96619
激起无限欲望的诱人美臀 大美人尤娜娜性感大片美丽动人,http://www.mzitu.com/96665
撩人御姐风骚入骨 这就是一个活脱脱的苏妲己转世,http://www.mzitu.com/96554
"美翻天! 中乌混血儿雪瑞Lisa白嫩酥胸唯美诱人,性感开撩",http://www.mzitu.com/96509
极品尤物杨果果逆天美臀无敌惊艳 好身材性感到让人窒息,http://www.mzitu.com/96443
美女主播周于希皮肤粉腻如雪 精致如洋娃娃般娇美可人,http://www.mzitu.com/96397
E罩杯的惹火身材性感爆棚 想跟皮革女王李梓熙玩SM吗?,http://www.mzitu.com/96341
"这完美的曲线,勾魂的眼神 你被Evelyn艾莉秒杀了吗?",http://www.mzitu.com/96299
震惊！豪放女仆傲娇萌萌好大胆，光天化日阳台玩黄瓜,http://www.mzitu.com/96259
邂逅赛车女郎杨洁linda 热情奔放又火辣,http://www.mzitu.com/96216
丰韵成熟的高级副机师 Beautyleg美腿写真 No.2077 Brindy,http://www.mzitu.com/96189
青豆客极品美女陈宇曦性感至极 3种诱惑让男人窒息,http://www.mzitu.com/96138
"慵懒的午后,香艳的春光 波萝社性感熟女kbora闺房写真",http://www.mzitu.com/96074
日本完美偶像矢吹春奈 演绎钢管舞娘纸醉金迷,http://www.mzitu.com/96031
你的奴儿兜豆靓Youlina已经捆好 来体验从未有过的征服感,http://www.mzitu.com/95978
欲求不满等解救！乳神妹妹Lunana-lee尺度全开阳台大玩露出,http://www.mzitu.com/95930
难以忘却的美丽容颜 她含蓄的遮掩却挡不住美艳,http://www.mzitu.com/95864
可爱的双马尾女孩蔡文钰 性感俏丽惹人爱,http://www.mzitu.com/95803
放肆中带着束缚和激荡 性感女皇王婉悠酥胸美臀上演透视诱惑,http://www.mzitu.com/95753
穿情趣睡衣玩自摸 短发女神凯竹BuiBui春心漾漾寂寞撩人,http://www.mzitu.com/95705
春光荡漾不含糊 性感女模周妍希全裸入浴尽显好身材,http://www.mzitu.com/95656
风情轻熟女蔡乐儿是海军控 美胸蛇腰大长腿真养眼,http://www.mzitu.com/95618
健身房偶遇女神沈佳熹 这完美热辣的曲线好惹火,http://www.mzitu.com/95564
遮挡不住的完美曲线 性感女神沈梦瑶上演制服诱惑,http://www.mzitu.com/95520
舔屏你就输了！黛斯羽的黑丝撩臀，诱惑得不要不要的,http://www.mzitu.com/95488
高贵又大方的气质美女 Beautyleg美腿写真 No.2076 Avril,http://www.mzitu.com/95461
"挤胸撩舌抛魅眼,风骚尽显 巨乳MM刘钰儿越看越有味",http://www.mzitu.com/95399
有料！纯天然的结衣虽然娇小玲珑但身材玲珑浮凸曲线诱人,http://www.mzitu.com/95344
秀色可餐！日本性感美女多田あさみOL制服秀美腿,http://www.mzitu.com/95318
"少女出浴,美不胜收! 如含花待放般粉嫩的性感妹子娜露Selena",http://www.mzitu.com/95284
芬芳四溢的的温柔 性感女神杨晨晨甜美笑容俘获人心,http://www.mzitu.com/95240
"如同初恋般甜蜜 尤女郎漫兮,她将诱惑演绎成洁白的清爽",http://www.mzitu.com/95175
发育得更好了 LOL女主播夏美酱一大波新照酥胸爆乳福利满满,http://www.mzitu.com/95122
把王雨纯捆起来 SM捆绑调教后野性大发性感撩人,http://www.mzitu.com/95084
摄影师拍到一半按耐不住了 性感嫩模王沫儿身材娇美好激情,http://www.mzitu.com/95037
嫩模周妍希拍写真笑容甜美迷人 自摸双乳挺翘臀,http://www.mzitu.com/94993
温婉是她最优雅的气质 知性美女李颜儿微微一笑撩人醉,http://www.mzitu.com/94928
完美身材呈现性感又撩人的美 性感妹子G干干写真套图,http://www.mzitu.com/94888
美丽与性感的完美结合 Beautyleg美腿写真 No.2075 Lucy,http://www.mzitu.com/94858
这一夜无眠! 性感妹子Sukki脱去浴袍换上野性豹纹情趣SM装,http://www.mzitu.com/94813
您是否也缺这样一位女秘书？甜美女模刘钰儿性感OL装娇羞诱惑,http://www.mzitu.com/94772
日本熟女中山惠嘴唇太性感 让人忍不住想一亲芳泽,http://www.mzitu.com/94738
一次甜蜜的印记制服诱惑 雪白的小女仆白熙萌为您服务,http://www.mzitu.com/94671
欲罢不能的体验 麻辣小魔女傲娇萌萌SM情趣诱惑,http://www.mzitu.com/94628
"美而不妖,艳而不俗 正妹土肥圆矮挫穷逆天身材让人目瞪口呆",http://www.mzitu.com/94578
性感尤物王语纯酒店卖弄风骚 唯美曲线令人神魂颠倒,http://www.mzitu.com/94533
"蜜桃社新人@可乐 丰胸细腰大圆臀,带点野性气质的00后妹子",http://www.mzitu.com/94489
身材劲爆且有几分气质 大胸妹子松果儿Victoria性感写真集,http://www.mzitu.com/94441
酥胸爆乳前凸后翘 性感尤物颜美汐妖媚妖艳心痒难耐,http://www.mzitu.com/94375
"似露非露,撩人心菲 性感女神周妍希巴厘岛销魂SPA水中缠绵",http://www.mzitu.com/94348
"人美身材好 头条女神高萌萌酒店情趣写真,曲线诱惑美到炸",http://www.mzitu.com/94302
日系甜美小姐姐little贝壳 清纯可爱真是漂亮,http://www.mzitu.com/94252
宅男女神夏美酱撩衣露乳 精致美人火辣养眼,http://www.mzitu.com/94220
不一样的风情 小美女柳侑绮慵懒式性感美到极致,http://www.mzitu.com/94185
性感美艳的黑丝OL Beautyleg美腿写真 No.2074 Lucy,http://www.mzitu.com/94167
清纯小女生透着淡淡的性感 尤果女神倪叶腾不玩尺度秀纯情,http://www.mzitu.com/94101
波涛汹涌的傲人上围 日本AV女优花木衣世撩人又可爱,http://www.mzitu.com/94048
俏丽短发尽显小女人风情 气质熟女张雨涵隐约透着性感和风骚,http://www.mzitu.com/93990
"头条女神梦心玥 迷人小眼睛会放电,寂寞的表情甚是撩人",http://www.mzitu.com/93964
豪乳尤物超诱人 极品美女刘钰儿宾馆内大摆撩人姿势,http://www.mzitu.com/93907
美臀控福利 头条女神欲情少女小蕊诱人圆臀高挺丰满,http://www.mzitu.com/93890
满溢着高级的撩人性感 尤果美女夏雨桐春心荡漾,http://www.mzitu.com/93824
春光无限的寂寞少妇 性感美女王语纯惹火身材一览无遗,http://www.mzitu.com/93766
清纯可人许诺海滩唯美写真 尽显美丽曲线,http://www.mzitu.com/93714
萌空血槽的萝莉卷 可爱的二次元萌神妹妹秒杀宅男,http://www.mzitu.com/93648
黑丝美腿性感妩媚 Beautyleg美腿写真 No.2073 Jennifer,http://www.mzitu.com/93609
动感双球丰满饱满 气质淑女易阳身姿优雅性感撩人,http://www.mzitu.com/93565
娇嫩美女傲娇萌萌变身学生妹 清纯甜美美到窒息,http://www.mzitu.com/93519
美丽的樱桃小嘴 蜜桃社新人小敏温柔可爱楚楚动人,http://www.mzitu.com/93476
岛国性感女神原干惠写真集 成熟风情妖娆迷人,http://www.mzitu.com/93421
性感御姐周妍希COS黑丝眼镜娘 深沟爆乳美腿撩人,http://www.mzitu.com/93370
性感黑丝香艳诱惑 巨乳尤物桃子销魂写真送福利,http://www.mzitu.com/93314
清纯美女佳琪私房写真 美腿翘臀超性感,http://www.mzitu.com/93260
性感美女王雨纯卧室写真风骚诱惑让人鼻血直喷,http://www.mzitu.com/93202
可爱小女人菟菟酱天台诱惑 JK制服露出傲人酥胸,http://www.mzitu.com/93162
纹身眼镜娘电眼魅惑 修长美腿熟女气质别有一番风情,http://www.mzitu.com/93104
"逆天长腿,迷人裤袜 Beautyleg美腿写真 No.2072 Avril",http://www.mzitu.com/93074
令人窒息的性感酥胸 甜美女神杨晨晨穿情趣睡衣娇嫩诱人,http://www.mzitu.com/93010
日本甜美系女神杉原杏璃 阳光般的笑容温暖你,http://www.mzitu.com/92971
高冷清凉充满了无限遐想 尤女郎张雪馨惊人巨乳大过柳岩,http://www.mzitu.com/92910
喷血诱惑 头条女神水嫩巨乳美女佑熙连体泳衣大开双腿,http://www.mzitu.com/92888
蜜桃美臀丰满白嫩 性感妹子蜜蕊Mary穿SM紧身皮衣福利写真,http://www.mzitu.com/92836
清纯妹子伊小七MoMo 酸酸甜甜就像草莓的味道,http://www.mzitu.com/92775
性感妹子王语纯倾情演绎 寂寞熟女按捺不住的一天,http://www.mzitu.com/92714
性感酥胸半遮半掩 长发美眉若涵一颦一笑尽显知性魅力,http://www.mzitu.com/92649
粉红小秘书 蜜桃社G罩杯巨乳极品新人冰璐福利写真珍藏版,http://www.mzitu.com/92593
带有迷人微笑的气质美女 日本妹子原干惠比基尼写真性感唯美,http://www.mzitu.com/92556
完美身材如蜜桃般诱惑 清纯女神思淇Sukiiii性感写真甜美诱人,http://www.mzitu.com/92497
美艳嫩模韩恩熙 这么妩媚妖娆的姿势是要勾引谁?,http://www.mzitu.com/92440
"诱人的身姿,勾人的电眼 性感妹子李七喜脱衣秀乳香艳挑逗",http://www.mzitu.com/92392
欲露还羞热辣撩人 重庆妹子猩一身材火辣凹凸有致,http://www.mzitu.com/92348
雪白双峰丰满坚挺 极品美女金禹熙性感私房百变造型曲线动人,http://www.mzitu.com/92282
巨乳摇摇欲坠 头条女郎易阳爆乳深沟演绎回家的诱惑,http://www.mzitu.com/92251
清纯水灵的萝莉妹子 头女女神小鱼床上翻滚玉体勾人,http://www.mzitu.com/92225
完美身材惹火呈现 性感女神唐琪儿Beauty傲人美胸波涛汹涌,http://www.mzitu.com/92165
成熟抚媚的性感妖精 Beautyleg美腿写真 No.2071 Tina,http://www.mzitu.com/92107
甜美可人又充满诱惑 杨晨晨sugar海边湿身戏水撩动你心扉,http://www.mzitu.com/92063
"优雅的气质,性感且妩媚! 日本美女折原美香性感写真",http://www.mzitu.com/92022
又大又爽滑 性感美女张美荧酥胸外露惊爆眼球,http://www.mzitu.com/91956
性感又可爱 清纯甜美的邻家美女思淇Sukiiii 雪肤巨乳诱惑十足,http://www.mzitu.com/91893
甜美笑容娇嫩清雅 姗姗就打奥特曼酒店大尺度私拍图,http://www.mzitu.com/91845
"呼之欲出的巨乳,遮挡不住的诱惑 沈蜜桃走居家可爱风萌翻了",http://www.mzitu.com/91795
纯情的模样诱人的肉体 气质美女sukki长发飘飘惹人爱,http://www.mzitu.com/91741
童颜巨乳秀色可餐 清纯正妹柳侑绮性感私房清新养眼,http://www.mzitu.com/91684
惊人美貌宛如少女 尤物小七傲人双峰性感爆棚,http://www.mzitu.com/91568
旗袍肉丝十分惊艳 Beautyleg美腿写真 No.2070 Christine,http://www.mzitu.com/91529
婉如水仙亭亭玉立 模特姗姗就打奥特曼最新性感私房写真美图,http://www.mzitu.com/91488
日本气质美眉八代兼美 迷人电眼会勾人,http://www.mzitu.com/91460
爆乳肥臀的极品尤物 美女歆颜镂空黑丝令人想入非非,http://www.mzitu.com/91410
人美肤白巨乳撩人 电眼美女Jenny佳妮妖娆抚媚让人垂涎,http://www.mzitu.com/91360
无法抵抗的诱惑 性感女神丁筱南若隐若现的肉色连体衣彰显御姐气质,http://www.mzitu.com/91314
洁白无瑕的完美胴体 性感美女Gina蜜臀美乳香艳惹火,http://www.mzitu.com/91263
丰满酥胸极度惹火 冷艳尤物金baby完美身材魅力无限,http://www.mzitu.com/91200
清纯MM芝芝Booty大尺度写真 性感销魂令人血脉喷张,http://www.mzitu.com/91150
魔鬼般惹火的诱人臀部 美女主播酸酱兔足控福利不可错过,http://www.mzitu.com/91085
黑丝美腿性感诱惑 Beautyleg美腿写真 No.2069 Kaylar,http://www.mzitu.com/91039
纯真又帅气 优雅与暧昧也掩盖不住蒋贝贝的性感和诱惑,http://www.mzitu.com/90974
治愈笑容惹人爱 日本甜心镰田奈津美风情大片性感丰满,http://www.mzitu.com/90917
韵味十足的柔情小女人 纯情小少妇小丽er美臀诱惑福利写真,http://www.mzitu.com/90856
深沟美乳性感迷人 混血美女Maggie笑容甜美风情万种,http://www.mzitu.com/90792
洋娃娃般的少女 清纯美女夏美酱比基尼写真萌萌哒,http://www.mzitu.com/90756
性感女神佳佳JiaJia豪放大片 G杯巨乳兜不住令人血脉喷张,http://www.mzitu.com/90705
别样风情轻熟范 电眼妹子艺蕾知性短发秀美腿散发成熟女人味,http://www.mzitu.com/90661
高中妹子太开放了 清纯女孩小草莓Berry性感写真福利满满,http://www.mzitu.com/90610
"邻家少女纯如水 双马尾清新俏皮,娇小可爱萌爆屏",http://www.mzitu.com/90559
纯天然的G杯巨乳 蜜桃社冰璐靓丽清纯又充满诱人的成熟韵味,http://www.mzitu.com/90497
抚媚熟女的黑丝诱惑 Beautyleg美腿写真 No.2068 Vicni,http://www.mzitu.com/90448
清纯里透着野性 重庆妹子李猩一性感又养眼,http://www.mzitu.com/90385
嫩肤美乳百看不厌 日本国民美少女原干惠清纯写真,http://www.mzitu.com/90324
独守深闺总寂寞 体验性感尤物青树不一样的风情和魅力,http://www.mzitu.com/90271
高颜值妹子鹿小白酒店床上搔首弄姿眼神勾人,http://www.mzitu.com/90162
"ROSI写真情趣系列 蜜桃臀配丁字裤,这个角度简直不敢直视",http://www.mzitu.com/90122
娇羞的女孩暧昧的微笑 气质佳人孙晚桐粉嫩酥胸唯美诱人,http://www.mzitu.com/90056
媚眼柔嫩娇滴滴 爆乳萌妹子猫儿蜜糖化身性感女仆被调教,http://www.mzitu.com/89998
车模易欣火爆身段袭人眼球 撩人姿势与兰博基尼激情缠绵,http://www.mzitu.com/89945
"风骚诱人,根本把持不住 办公室新来的长腿女秘书沈梦瑶",http://www.mzitu.com/89884
"惊爆你的眼球! ROSI美女撩起衣服,半遮半露泄春光",http://www.mzitu.com/89853
嫩白欲女顾灿全裸玫瑰牛奶浴 36D大奶赤裸裸诱惑你的眼球,http://www.mzitu.com/89785
性感也可以很甜美 纯情少女王林百变学生制服福利大放送,http://www.mzitu.com/89719
妖艳红唇娇嫩欲滴 Beautyleg美腿写真 No.2067 Winnie,http://www.mzitu.com/89682
床单上的香艳酮体 邻家少妇珍妮花冷艳靓丽尽显迷人风情,http://www.mzitu.com/89639
狂秀傲人双峰 日本美女杉原杏璃劲爆比基尼写真图片爆光,http://www.mzitu.com/89578
性感美女Sukki浴室湿身透视诱惑 丰满双球呼之欲出,http://www.mzitu.com/89533
推女神福利美图 性感美眉叶佳颐袒胸开腿霸气侧漏,http://www.mzitu.com/89490
波涛汹涌乳量惊人! ROSI超级大胸妹巨大美乳双手抱不住,http://www.mzitu.com/89456
纯天然嫩乳肥臀看不腻 甜美少女谢芷馨魔鬼身材太完美,http://www.mzitu.com/89400
被束缚的Abby金金烈火赤焰唇唇欲动 完美的酮体等你来释放才能解脱,http://www.mzitu.com/89334
"诱人的小清纯 雪白尤物床上私照,酥胸微露姿势撩人",http://www.mzitu.com/89256
丰挺饱满的双乳清晰可见 惹火尤物松果儿倾情上演白衬衫湿身大片,http://www.mzitu.com/89208
清纯丰满光彩照人 清新妹子赵小米中空比基尼上演深度诱惑,http://www.mzitu.com/89150
"太美了! 纯净无暇的白衣妹子陈梓涵,清新甜美身材傲人",http://www.mzitu.com/89089
"性感熟妇,韵味无穷 Beautyleg美腿写真 No.2066 Maggie",http://www.mzitu.com/89033
爆奶正妹乳此销魂 气质尤物樱小白艳光四射楚楚动人!,http://www.mzitu.com/88982
岛国妹子好狂野 性感熟女梅宫万纱子黑色魅惑诱惑写真图片,http://www.mzitu.com/88935
长得好看胸又大让人怎么活 乳神闵妮Mily性感胸器真致命,http://www.mzitu.com/88882
身材娇美的纯天然妹子奈奈 樱桃小嘴美人痣令人过目不忘,http://www.mzitu.com/88841
诱人双乳呼之欲出 极品尤物张芷昕百变造型酥胸半露身材傲人,http://www.mzitu.com/88775
粉嫩翘臀马力十足 丰满辣妹玛鲁娜manuela前凸后翘姿势撩人,http://www.mzitu.com/88724
气质女神舒林培大玩女警制服诱惑 嫩滑美乳性感火辣超诱人,http://www.mzitu.com/88673
性感妹子热情似火 巨乳嫩模易欣酒店大片各种狂野姿势齐上阵,http://www.mzitu.com/88623
短发女白领御姐范十足 气质美女夏乔宽衣解扣美乳太诱人,http://www.mzitu.com/88557
性感女神甜美依旧 长腿美女刘奕宁Lynn内衣写真美乳挡不住,http://www.mzitu.com/88509
"揉胸撩拨无下限! 床拍大胸尤物沐子熙,纯天然坚挺美乳惊为天人",http://www.mzitu.com/88458
性感成熟有内涵的漂亮学姐 Beautyleg美腿写真 No.2065 Kaylar,http://www.mzitu.com/88415
"颜值高身材辣! 那些惊艳的美媛馆女神,不同的性感你喜欢哪个?",http://www.mzitu.com/88373
很可爱的嫩妹子 AKB48清纯女神柏木由纪唯美写真大片,http://www.mzitu.com/88317
"撩扯衣衫,性感尽收眼底 漂亮妹子张馥棋美的令人回味无穷",http://www.mzitu.com/88250
火辣风骚与肉的欲望 性感美人茉莉Molly清纯淡雅楚楚动人,http://www.mzitu.com/88209
豪乳激凸十分香艳 性感宝贝傲娇萌萌Vivian真空上阵送福利,http://www.mzitu.com/88162
可爱甜美又不失妩媚 宅男女神M梦baby气质非凡清新脱俗,http://www.mzitu.com/88116
不容错过的极品洋妞! 乌克兰内衣模特Lra火辣身材让你大饱眼福,http://www.mzitu.com/88065
"丝袜诱惑,场面香艳 寂寞美女空姐Wendy智秀宾馆内大尺度脱衣拍私照",http://www.mzitu.com/88014
"身娇腰柔易推倒,越往后看越精彩 清纯萝莉童颜巨乳甜美可人",http://www.mzitu.com/87933
性感御姐大胸长腿气场强 宅男女神妮小妖美腿一张一合超诱人,http://www.mzitu.com/87973
她在笼中求解禁! 她是性感妹子Mikka 她凹凸有致的身材令人神魂颠倒,http://www.mzitu.com/87825
"百变而美丽,时尚而性感 Beautyleg美腿写真 No.2064 Vicni",http://www.mzitu.com/87813
性感紫发美女大玩情趣睡衣诱惑 床上激情翻滚姿势撩人,http://www.mzitu.com/87762
清纯又有韵味 灿烂阳光迷人少女黒田有彩纯美笑容令人心动,http://www.mzitu.com/87693
酥胸香肩美腿翘臀一样不少 极品尤物李梓然百变制服花样诱惑,http://www.mzitu.com/87628
胸襟大开火辣诱人 娇俏可爱的性感小魔女傲娇萌萌私房COSPLAY,http://www.mzitu.com/87580
性感女神周妍希浴室湿身上演全裸诱惑 让人无穷止尽的想入非非,http://www.mzitu.com/87541
"玲珑精致的金发少女酒店里变寂寞欲女,诱人身姿美得令人销魂",http://www.mzitu.com/87500
"胸部刺青好性感,处处散发诱人的荷尔蒙 大美女艺宁身材修长又丰满",http://www.mzitu.com/87434
长发飘飘可爱动人 清纯软妹子雅琪素颜出镜水润嫩肤美美哒,http://www.mzitu.com/87390
"床上脱丝袜,妖艳撩人 性感美女Wendy智秀妩媚凤眼勾人魂魄",http://www.mzitu.com/87337
时尚干练的甜美韵味 Beautyleg美腿写真 No.2063 LUCY,http://www.mzitu.com/87291
让人着迷的短发女人 性感美女王恬恬将中式性感演绎的淋漓尽致,http://www.mzitu.com/87231
稚嫩的性感好迷人 日本萌妹子逢泽莉娜长相甜美气质出众,http://www.mzitu.com/87184
火爆身材叹为观止 性感萌娘谢芷馨Sindy演译女仆制服魅惑撩人,http://www.mzitu.com/87116
清纯亮丽热情奔放 气质妹子许诺Sabrina海滩旅拍诱人身姿血脉喷张,http://www.mzitu.com/87063
上围摇摇欲坠 性感女主播夏美酱晒性感新照超大胸器撑爆屏幕,http://www.mzitu.com/87022
"爆乳来袭,酥胸诱惑 丰乳肥臀的大波美女悦悦撩起内衣露雪白大球",http://www.mzitu.com/86965
"个个都是极品尤物 尤果网性感美女大盘点,致命诱惑令人眼花缭乱",http://www.mzitu.com/86884
古典气质型美女施诗 顶级美腿加酥胸圆臀火辣身材性感十足,http://www.mzitu.com/86819
"清秀的脸庞,带着娇羞的微笑 清纯妹子@丸子mayuki温柔可爱招人爱",http://www.mzitu.com/86778
诱人曲线扭出来 尤果美艳尤物Lanvinia电眼魅惑堪称性感女王,http://www.mzitu.com/86712
"女神的微笑,清纯可爱又性感 Beautyleg美腿写真 No.2062 Vicni",http://www.mzitu.com/86650
清纯美女琳琳ailin大胆变身诱人猫女 床上性感放荡爆乳翘臀看个够,http://www.mzitu.com/86599
"日本男人心目中的性感女神,日本情色天后坛蜜写真大摆惹火姿势",http://www.mzitu.com/86552
纯情丫头火辣辣的诱惑 尤果女神含含学生制服玩捆绑PLAY,http://www.mzitu.com/86492
身材高挑的性感美女萌琪琪 举手投足透出着丝丝的寂寞,http://www.mzitu.com/86431
白皙娇嫩的巨乳摇摇欲坠 傲娇萌萌Vivian性感写真香艳撩人,http://www.mzitu.com/86290
酥胸荡漾娇挺诱人 性感美女周妍希清新脱俗美如天仙,http://www.mzitu.com/86385
柔情似水魅力无限 性感美女李七喜脸蛋清秀身材绝佳,http://www.mzitu.com/86155
婀娜多姿的身段太性感 气质少妇佟蔓baby端庄优雅娇嫩欲滴,http://www.mzitu.com/86102
气质美人风情万种 性感美女伊素妍纯天然丰满圆润的36D美乳让人垂涎,http://www.mzitu.com/86048
大胸长腿清新可人 养眼萌妹子夏美酱清纯又不失性感,http://www.mzitu.com/86007
"娇嫩清雅,可爱如天仙 程程CC演绎从清纯学生妹到情趣女王的性感蜕变",http://www.mzitu.com/85946
饱满的双峰尽显妩媚 Beautyleg美腿写真 No.2061 Syuan,http://www.mzitu.com/85883
炽烈红唇与束缚 清冷美人黛斯羽女仆装湿身诱惑性感升级,http://www.mzitu.com/85817
甜美女神胸大如球 日本性感MM杉原杏璃最新大片再秀浑圆雪乳,http://www.mzitu.com/85752
令人欲火焚身的挑逗 纹身美女李宝宝性感内衣黑丝翘臀诱惑十足,http://www.mzitu.com/85695
北航校花萌琪琪Irene 惹火的身材玲珑精致性感迷人,http://www.mzitu.com/85650
萝莉空姐旗袍黑丝透视诱惑 头条女神郭美美情趣睡衣福利满满,http://www.mzitu.com/85592
爆乳翘臀的惹火御姐 性感美女尤娜娜胸前纹身惊艳诱人,http://www.mzitu.com/85526
重磅福利!豪乳大PK 两个巨乳美女让人血脉喷张的诱惑画面,http://www.mzitu.com/85480
清新妹子好身材 童颜巨乳马尾妹baby兔宝宝小内衣突显完美胸围,http://www.mzitu.com/85439
"肤白貌美气质佳,酥胸美腿身材好 性感美女唐琪儿高清私房大饱眼福",http://www.mzitu.com/85377
"清纯甜美,温暖人心 Beautyleg美腿写真 No.2060 Ning",http://www.mzitu.com/85330
"又萌又性感 黑长直少女ELSA电眼迷人,完美身材蜜桃般凹凸有致",http://www.mzitu.com/85264
巨胸萝莉轻熟风情 日本妹子筱崎爱海边比基尼写真露傲人双峰,http://www.mzitu.com/85210
翘臀美腿春光无限 极品御姐Sugar梁莹演绎性感眼镜娘大秀白嫩美肤,http://www.mzitu.com/85111
豪放小妞凯竹BuiBui野外宽衣解带 自摸豪乳乳撩得人春心漾漾,http://www.mzitu.com/85164
赤裸裸的诱惑 水灵妹子唐琪儿Beauty性感唯美的曼妙身姿令人垂涎,http://www.mzitu.com/85063
浴缸湿身春光大泻 蜜桃社极品美女Gina翘臀美乳销魂姿势好诱人,http://www.mzitu.com/85012
如狐妖般魅惑而娇艳 妩媚女神妲己Toxic薄纱遮体傲人香乳欲蹦出,http://www.mzitu.com/84966
两美争艳激情四射 好闺密赵小米与小甜心甜美出游演绎幸福姐妹花,http://www.mzitu.com/84934
豹纹与黑丝的碰撞 乳沟妹夏笑笑Summer的媚眼诱惑电到你了吗,http://www.mzitu.com/84864
黑丝勾魂热辣无比 Beautyleg美腿写真 No.2061 Michelle,http://www.mzitu.com/84769
忍不住想摸的完美圆臀 性感美女欣蕾气质优雅而又狂野奔放,http://www.mzitu.com/84703
巨乳不惧走光 日本性感美女菜乃花裸胸入浴大玩湿身诱惑,http://www.mzitu.com/84645
绝色尤物@宝宝兔宝宝全裸上阵性感惹火 完美曲线展示熟女诱惑,http://www.mzitu.com/84554
透视睡衣肉隐肉现 性感尤物孟狐狸情趣挑逗赤裸裸的诱惑,http://www.mzitu.com/84507
抚媚万千叫人喷血! 极品美女李七喜情趣睡衣大秀香滑美乳,http://www.mzitu.com/84454
气质胜过一切 性感美人陈天扬男友衬衫小露香肩撩拨欲望,http://www.mzitu.com/84399
最撩人的萌妹子 性感美女清水美嘉创意人体艺术照福利满满,http://www.mzitu.com/84343
圆润翘臀性感火辣 Beautyleg美腿写真 No.2059 Tokki,http://www.mzitu.com/84288
情趣内衣勾人魂 性感美女宋梓诺变身风骚女仆大玩制服诱惑,http://www.mzitu.com/84245
有一种美叫做欲罢不能 情色写真女王坛蜜的诱人姿势和销魂表情,http://www.mzitu.com/84202
"浑圆挺翘,臀控必看！性感美女Gina紧致水嫩的蜜桃美臀曲线撩人",http://www.mzitu.com/84151
"温文尔雅小家碧玉 特别清新舒适,极具气质的清纯美人格格污巫",http://www.mzitu.com/84084
感受与美女零距离的诱惑 蜜桃社新人沁馨性感写真大秀34E美乳,http://www.mzitu.com/84033
娇美学姐御姐范儿 Beautyleg美腿写真 No.2058 Jennifer,http://www.mzitu.com/83980
美丽又销魂 身材爆好的性感网红abby李雅大尺度写真极致诱惑,http://www.mzitu.com/83934
可爱美女双乳呼之欲出 日本性感甜心中村静香写真图片秀胸器,http://www.mzitu.com/83881
风骚女秘书太销魂 酒店大摆撩人姿势上演最性感湿身诱惑,http://www.mzitu.com/83832
绝美脸蛋魔鬼身材 性感尤物李七喜酥胸翘臀尽显风骚,http://www.mzitu.com/83728
二次元妹子又萌又性感 爆乳萝莉猫九酱sakura化身诱人眼镜娘,http://www.mzitu.com/83791
"劲爆肥臀,想入非非 尤果网性感美女小琪唯美柔情诱惑满满",http://www.mzitu.com/83661
"超美颜值,时尚性感 Beautyleg美腿写真 No.2057 Miso",http://www.mzitu.com/83621
性感美女凯竹BuiBui开胸装大秀白嫩美乳 雪白D奶呼之欲出,http://www.mzitu.com/83555
甜美尤物人间胸器 日本乳神杉原杏璃长发薄衣雪乳撩人,http://www.mzitu.com/83499
爆乳厨娘惹火销魂 风骚熟女张梓柔勾住男人的心,http://www.mzitu.com/83455
香艳娇躯不敢直视 性感乳神李洁浴缸全裸写真性感喷血诱惑,http://www.mzitu.com/83394
是清纯小萝莉也是巨乳娇娘 猫九酱Sakura私房美图俏丽可爱,http://www.mzitu.com/83351
香艳欲滴! 粉嫩尤物徐Cake性感私房美图撩人姿势令人欲血喷张,http://www.mzitu.com/83309
寂寞熟女妩媚优雅 尤果网性感美女慕羽茜丰满双乳撩人心弦,http://www.mzitu.com/83243
雪白双峰粉嫩巨臀 Beautyleg美腿写真 No.2056 Yoyo,http://www.mzitu.com/83200
赤裸上阵自摸大胸 新晋乳神唐琪儿Beauty大尺度写真情趣无限,http://www.mzitu.com/83148
激情惹火诱惑难挡 日本美女今野杏南性感内衣巨乳侧露,http://www.mzitu.com/83092
撩人姿势难以抗拒 翘臀尤物玛鲁娜变身空姐大玩制服诱惑,http://www.mzitu.com/83048
清纯学生妹脱去制服秒变流氓小巫女，性感娇躯尽显美乳诱惑,http://www.mzitu.com/83008
"激情碰撞,纸巾速备! 尤果网爆乳尤物爱菲充满欲望的性感大片",http://www.mzitu.com/82941
美女秘书知性又狂野! 小甜心扯破黑丝张腿露底春光乍泄,http://www.mzitu.com/82890
36D爆乳让你一饱眼福 中俄混血美女@Vika全裸上阵香艳湿身,http://www.mzitu.com/82839
曼妙曲线玲珑毕现 Beautyleg美腿写真 No.2055 Winnie,http://www.mzitu.com/82799
元气少女蜕变野蛮御姐 丰满尤物萌琪琪百变造型性感撩人,http://www.mzitu.com/82734
甜美到爆! 日本气质美女清水裕子性感写真瞬间秒杀宅男,http://www.mzitu.com/82667
大波美人奶香四溢! 气质模特悦悦大尺度诱惑性感艺术图片欣赏,http://www.mzitu.com/82608
软妹子sugar小甜心性感内衣私房照 酥胸美腿尽显好身材,http://www.mzitu.com/82556
抚媚一笑风韵撩人 电眼尤物朱赢性感情趣内衣撅臀秀完美曲线,http://www.mzitu.com/82490
丰乳肥臀小细腰 短发轻熟女雨夕床上束缚捆绑别样诱惑,http://www.mzitu.com/82431
赤裸裸献福利! 极品巨乳翘臀圣诞娘Sukki大尺度写真性感爆表,http://www.mzitu.com/82379
性感女神沈梦瑶掀衣露半球 浴室湿身上演透视诱惑,http://www.mzitu.com/82337
透视白衬衣内衣隐现 长腿气质美女美希子酒店写真甜美迷人,http://www.mzitu.com/82286
邻家妹子越来越丰满 清纯美眉琳琳ailin情趣睡衣床上挑逗,http://www.mzitu.com/82229
黑丝破洞才性感! 极品尤物韩贝贝逆天美臀诠释曲线之美,http://www.mzitu.com/82178
可爱女仆VS性感名媛 Beautyleg美腿写真 No.2054 Miso,http://www.mzitu.com/82138
酥胸翘臀一览无遗 纹身美女凯竹BuiBui半裸丁字裤大尺度私拍,http://www.mzitu.com/82087
"贫乳才叫性感,尺寸小也迷人 岛国清纯女优麻仓优清凉写真图片",http://www.mzitu.com/82026
极品美女性感惹火! 尤果网尤物Shirle内衣写真勾人姿势大胆撩人,http://www.mzitu.com/81960
ROSI写真情趣系列 狂野美女透明衬衫秀火辣身材,http://www.mzitu.com/81929
仅泡沫遮身！性感尤物G干干浴室湿身撩人胴体一览无遗,http://www.mzitu.com/81886
白花花的大腿水灵灵的妹子 清纯妹子小月儿女仆装诱惑,http://www.mzitu.com/81831
红唇尤物搔首弄姿 性感美女谢芷馨Sindy巨乳翘臀身材傲人,http://www.mzitu.com/81759
睡衣诱惑妙不可言 身材窈窕风情万种的寂寞少妇文雪私房照,http://www.mzitu.com/81717
"诱人美乳,迷人深沟 魅妍社性感妹子@Sukki如天仙般喷血诱惑",http://www.mzitu.com/81676
小酥胸大长腿 清纯美女刘奕宁Lynn甜美清新让人心动,http://www.mzitu.com/81632
清纯可爱又性感迷人！兔女郎琳琳ailin透明薄纱内衣大秀美乳,http://www.mzitu.com/81579
香艳妩媚女人味十足 Beautyleg美腿写真 No.2053 Tina,http://www.mzitu.com/81529
媚眼如丝勾人浮想联翩 秀人网Wendy智秀水手服露底泄春光,http://www.mzitu.com/81465
"完美肉体！日本美女菜乃花爆乳写真图,酥胸傲人乳此迷人",http://www.mzitu.com/81419
曼妙娇躯惹火迷人 尤果网绝色美女夏夏透视蕾丝性感写真图片,http://www.mzitu.com/81349
前凸后翘娇艳欲滴 水嫩美少女谢芷馨超性感泳装大秀诱人蜜桃臀,http://www.mzitu.com/81298
学生装VS肚兜诱惑 性感美女@姗姗就打奥特曼娇嫩美肤美到令人窒息,http://www.mzitu.com/81247
重庆美女猩一热辣性感尽显妖艳妩媚 前凸后翘十分诱惑,http://www.mzitu.com/81196
最有气场的大长腿! 气质御姐陆金佳高挑性感女王风范,http://www.mzitu.com/81142
花の颜琳琳ailin高叉泳装开胸挤乳 丰满波霸巨奶性感到爆炸,http://www.mzitu.com/81086
亭亭玉立清爽无比! 纯真少女菲儿长发飘逸微微一笑很倾城,http://www.mzitu.com/81031
"裸腿控福利,连泳装质感十足 Beautyleg美腿写真 No.2052 Zoey",http://www.mzitu.com/80990
"安静的妹子,优雅的性感 娇嫩美人沐若昕温柔甜美惹人怜爱",http://www.mzitu.com/80942
全日本最正的OL松川佑依子 从清纯稚嫩到成熟性感,http://www.mzitu.com/80894
绝色之姿灵气逼人 电眼小妖精Wendy智秀性感写真弄风骚献娇媚,http://www.mzitu.com/80843
丰乳肥臀美艳风骚! 爆乳熟妇张译丹性感睡衣床上妖娆撩人,http://www.mzitu.com/80793
网红妹子K8傲娇萌萌透视装上演虐恋大片 火辣姿势极致诱惑,http://www.mzitu.com/80727
女神赵小米COS不知火舞VS春日野穹! 感受这巨胸大长腿的视觉盛宴,http://www.mzitu.com/80661
性感美女月音瞳惹火内衣私房照 低胸短裙大秀D奶蜜桃臀,http://www.mzitu.com/80603
气质美女许诺Sabrina三亚旅拍 护士制服装美得让人窒息,http://www.mzitu.com/80538
深沟大长腿性感爆表 Beautyleg美腿写真 No.2051 Dora,http://www.mzitu.com/80498
气质美女卤蛋luna美艳性感满眼温柔 一颦一笑难以忘怀,http://www.mzitu.com/80446
日本爆乳萌妹筱崎爱性感写真尺度豪放 迷人酥胸水嫩诱人,http://www.mzitu.com/80400
美腿翘臀香艳销魂 娇嫩尤物阿依努尔瓦娅床上赤裸激情大片,http://www.mzitu.com/80332
甜美俏皮却又性感撩人 纯情俏护士沈梦瑶风骚无比,http://www.mzitu.com/80290
黑丝诱惑腿玩年! 轻熟少妇Tina包臀裙大秀丝袜美腿风情万种,http://www.mzitu.com/80240
优雅而性感! 气质美女白微Sera完美胸型百看不厌,http://www.mzitu.com/80189
甜美少女sugar小甜心清纯学生装撩裙露底风骚迷人,http://www.mzitu.com/80133
烟雾缭绕欲望脱枷! 床上尤物猩一捆绑束缚SM诱惑引人垂涎,http://www.mzitu.com/80092
邻家妹子喷血身材 Beautyleg美腿写真 No.2050 Michelle,http://www.mzitu.com/80053
"甜美性感MM陈梓涵私拍图 肤白貌美大长腿,胸挺腰细气质佳",http://www.mzitu.com/79987
夹一下可好? 日本性感女神中村静香大秀爆乳 F级肉弹胸悍无比,http://www.mzitu.com/79941
甜美少妇UU阿文大秀爆乳丰臀 成熟知性淡淡的小性感,http://www.mzitu.com/79889
"重庆妹子猩一惹火身材前凸后翘,抚媚电眼性感撩人",http://www.mzitu.com/79842
性感诱人! 尤果网极品尤物爱丽莎温柔娴静又妩媚妖娆,http://www.mzitu.com/79776
傲人巨乳与圆润美臀 性感模特月音瞳全裸出镜献福利,http://www.mzitu.com/79725
冷艳风骚香艳勾魂 性感MM李梓熙大胆演绎纸醉金迷豪放欲女,http://www.mzitu.com/79658
清纯气质MM艾诗iccey豪放脱衣 诱人丝袜美腿无人能挡,http://www.mzitu.com/79608
风情万种的性感美女周予然 酥胸爆乳高跟美腿极品身材堪称尤物,http://www.mzitu.com/79545
黑丝御姐热情奔放 Beautyleg美腿写真 No.2049 Vicni,http://www.mzitu.com/79503
性感尤物九儿火爆身材姿态撩人 傲人巨乳呼之欲出,http://www.mzitu.com/79442
清纯甜美的日本美女里美尤利娅写真图片 迷人胴体滑嫩如少女,http://www.mzitu.com/79401
E杯爆乳胸器逼人! 性感轻熟女杨晨晨绽放甜蜜的诱惑,http://www.mzitu.com/79335
"浑圆酥胸高耸丰满,曼妙女郎@土肥圆矮黑色纱衫美艳绝伦",http://www.mzitu.com/79291
"妹子激凸了! 清纯女神艾莉浴室湿身,风骚大秀喷血身姿",http://www.mzitu.com/79232
尤果网球球露胸秀乳眼神迷离 销魂表情散发出丝丝魅惑,http://www.mzitu.com/79160
"浙江美女李梓熙性感私拍似露非露,撩人美胸勾人欲望",http://www.mzitu.com/79109
蜜桃社温柔妹子雪飞诱人黑丝丁字裤秀出修长美腿丰满上围,http://www.mzitu.com/79058
"甜美丽人菲儿纤纤细腿嫩滑雪肌,娇羞含情妩媚动人",http://www.mzitu.com/78993
性感模特子芯baby大尺度图片 诱人胴体如奶油般丝滑,http://www.mzitu.com/78952
波霸美腿黑丝诱惑 Beautyleg美腿写真 No.2048 Syuan,http://www.mzitu.com/78878
"日本美女女优立花美凉写真图片,清纯甜美秒杀宅男",http://www.mzitu.com/78917
宅男女神慕羽茜举手投足流露出成熟女人的韵味,http://www.mzitu.com/78771
电臀豪乳尽在眼前 性感女神宋梓诺情趣写真大玩脱衣诱惑,http://www.mzitu.com/78824
赤裸开腿露内裤 头条女神清纯小妹朵朵为艺术性感蜕变,http://www.mzitu.com/78684
"眼神妩媚,身姿妖娆 性感妹子叶佳颐百度制服诱惑韵味十足",http://www.mzitu.com/78719
性感酥胸纤细美腿 美女学霸萌琪琪浴缸妖娆写真半裸诱惑,http://www.mzitu.com/78624
爱打网球的阳光妹子 清纯甜美人人爱,http://www.mzitu.com/78591
难以抗拒的朱唇翘臀酥胸美腿 性感美女佳佳情趣制服诱惑,http://www.mzitu.com/78538
清纯学生妹宋梓诺酒店入浴性感诱人 迷人翘臀勾魂惹火,http://www.mzitu.com/78492
美人美景相辉映 兜豆靓Youlina云南旅拍性感又阳光,http://www.mzitu.com/78433
黑丝少妇挑逗诱惑 Beautyleg美腿写真 No.2047 Maggie,http://www.mzitu.com/78376
"头条女神洛可可湿身透视装抚媚撩人,胸器逼人堪比篮球",http://www.mzitu.com/78321
巨波荡漾!日本性感美女杉原杏璃超傲人美乳撑爆比基尼,http://www.mzitu.com/78274
爆乳尤物周妍希珍藏级性感大片 忘情解扣露胸致命诱惑,http://www.mzitu.com/78208
长腿宝贝sugar小甜心清纯写真秀丝足 频频露底赏心悦目,http://www.mzitu.com/78163
曼妙模特@土肥圆矮挫身着透视黑色纱裙 透出青春胴体美艳绝伦,http://www.mzitu.com/78113
丝情袜意丝丝妩媚 长腿美女鬼妹係诗茗丝袜美臀美如仙,http://www.mzitu.com/78049
香唇酥胸美腿翘臀! 性感美女G干干迷离眼神勾魂摄魄,http://www.mzitu.com/78004
ROSI写真情趣系列 美女穿蕾丝透视内衣自摸豪乳风骚至极,http://www.mzitu.com/77974
短发美女佳妮已长发及腰 不变的是白皙皮肤与傲人酥胸,http://www.mzitu.com/77923
性感少妇婀娜多姿 Beautyleg美腿写真 No.2046 Syuan,http://www.mzitu.com/77880
性感美女沈蜜桃off浴巾裹胸火辣爆棚 水嫩巨乳双手掩不住!,http://www.mzitu.com/77822
极品尤物歆小兔情趣护士制服大尺度写真 美乳翘臀好诱人,http://www.mzitu.com/77772
制服美少女日本高中校花神咲みゆ,http://www.mzitu.com/77722
轻柔玉体水嫩白皙 气质女神舒林培性感透视装浴室湿身诱惑,http://www.mzitu.com/77671
清纯萝莉Evelyn艾莉性感内衣写真 诱人的渔网袜尽显魔鬼身材,http://www.mzitu.com/77620
童颜巨乳学生妹阿乖Kiddo大玩制服诱惑 可爱俏皮魅力难挡,http://www.mzitu.com/77568
黑丝美腿床上诱惑 气质女神许诺Sabrina走起性感熟女路线,http://www.mzitu.com/77506
美女秘书乔柯涵办公室里短裙肉丝大胆上演美腿诱惑,http://www.mzitu.com/77443
清纯美眉佘贝拉湿身诱惑 两点激凸若隐若现令人血脉喷张,http://www.mzitu.com/77389
纤腰豪乳湿身魅惑 满族风情美女尤物叶赫那拉信悦妩媚动人柔情似水,http://www.mzitu.com/77323
酥胸翘臀热情火辣 性感御姐丁筱南大尺度福利写真散发致命诱惑,http://www.mzitu.com/77272
性感靓丽令人魂牵梦绕 Beautyleg美腿写真 No.2045 Vicni,http://www.mzitu.com/77234
妖娆如蛇抚媚若妖 骨感美女萌琪琪Irene大秀性感酥胸纤细美腿,http://www.mzitu.com/77136
宅男女神黄歆苑情趣内衣豪放张腿诱惑 画面香艳不敢直视!,http://www.mzitu.com/77193
齐肩短发美如初恋 尤果网气质美女文文演绎从清纯到性感的蜕变,http://www.mzitu.com/77070
超火辣童颜巨乳美眉上演女仆睡衣诱惑 床上妖娆身姿性感美艳,http://www.mzitu.com/77035
逆天巨乳大PK 魅妍杜性感尤物波霸来袭波涛汹涌太惹火,http://www.mzitu.com/76974
清纯美人赵小米如花似玉 巴厘岛旅拍大秀迷人美腿电臀,http://www.mzitu.com/76868
补课时大胸熟女老师脱衣服! 美女家教木口亚矢令人把持不住,http://www.mzitu.com/76925
"清纯甜美不失性感诱人,丰胸与美臀一览无余 芝芝性感大尺度私房图",http://www.mzitu.com/76822
"黑丝兔女郎,超诱人女仆! 清纯妹子Una尤娜情趣睡衣大胆销魂",http://www.mzitu.com/76771
翘臀美腿两点若隐若现 清秀美女孟小希透视性感睡衣写真图片,http://www.mzitu.com/76724
极品美女baby安黑色内衣诱惑 一对傲人胸器魅力无穷,http://www.mzitu.com/76683
S曲线身材修长美腿火辣诱惑 性感美女陳雅漫写真图片妩媚妖娆,http://www.mzitu.com/76632
性感空姐诗茗制服诱惑露底走光 黑丝美腿曼妙纤细妩媚动人,http://www.mzitu.com/76572
性感小妖精眼神勾人 Beautyleg美腿写真 No.2044 Tina,http://www.mzitu.com/76524
"乳神再现,鼻血狂飙! 性感妹子田妞肤白貌美傲人双峰完爆柳岩",http://www.mzitu.com/76443
中澳混血美人Suki蕾丝内衣性感写真 34D坚挺上围修长美腿火辣撩人,http://www.mzitu.com/76372
风华熟女沈佳熹粉绸缠身美臀诱人 水嫩肌肤绽放风姿韵味,http://www.mzitu.com/76307
性感厨娘娇萌萌比基尼湿身诱惑 风骚极致大秀白嫩巨乳,http://www.mzitu.com/76256
性感甜美温柔如水 气质美女立花美涼护士装上演制服诱惑,http://www.mzitu.com/76195
美臀控福利图 来看蜜桃社新人伊琳巨乳天然丰满翘臀硕大圆润,http://www.mzitu.com/76128
"性感甜美勾人心魂 赵小米苏梅岛旅拍,护士制服情趣比基尼诱惑",http://www.mzitu.com/76077
温柔气质楚楚动人 性感美女舒林培情趣内衣写真粉嫩娇艳,http://www.mzitu.com/76025
"爱蜜社王沫儿SaSa 别样胶带捆绑,呼之欲出的巨乳诱惑",http://www.mzitu.com/75979
"忆中秋,意浓浓 体验性感香艳美女与乡土气息的视觉冲击",http://www.mzitu.com/75909
清纯美女Cheryl青树变身风骚校花 酥胸半露惊艳诱人,http://www.mzitu.com/75867
气质熟女黑丝诱惑 Beautyleg美腿写真 No.2043 Miso,http://www.mzitu.com/75821
白花花翘臀水嫩嫩大奶 蜜桃女郎初月全裸写真性感勾魂,http://www.mzitu.com/75769
清纯女神许诺sabrina最新情趣睡衣私照放出 曼妙身材甜美迷人,http://www.mzitu.com/75708
豪放校花雨燕上围逼人大泄春光 浴室湿身透视诱惑大尺度露乳,http://www.mzitu.com/75636
绝美少妇尤美Yumi性感内衣写真图片 妩媚香艳无限挑逗,http://www.mzitu.com/75581
惹火的胸线水嫩欲滴的嫩肤 性感宝贝金鑫化身完美女友乖巧可人,http://www.mzitu.com/75516
气质轻熟女蓓蓓maggie曼妙婀娜 性感内衣尽展修长美腿高挑身材,http://www.mzitu.com/75468
别说看胸了看嘴唇都受不了 日本极品尤物森下悠里妖艳挑逗,http://www.mzitu.com/75411
性感美女韩恩熙最新写真图片大玩透视睡衣诱惑 巨乳美臀媚态十足,http://www.mzitu.com/74839
清纯美女sugar小甜心深夜欲照 床上翻滚勾引男友,http://www.mzitu.com/74787
黑丝职业装的诱惑 爆乳眼镜娘Gaea蕉叶销魂姿势风情万种,http://www.mzitu.com/75314
乳神于姬Una性感比基尼秀傲人上围 水嫩美胸如波涛汹涌,http://www.mzitu.com/75365
性感轻熟女婷婷酒店宽衣露乳 床上搔首弄姿魅惑撩人,http://www.mzitu.com/75263
黑丝女秘书VS长腿学生妹 Beautyleg美腿写真 No.2042 Emma,http://www.mzitu.com/75210
福利美女图欣赏 兔女郎黑丝袜诱惑动作大胆鼻血直流,http://www.mzitu.com/75167
肤白貌美大长腿! 清纯美女赵小米晒比基尼图片甜美如花,http://www.mzitu.com/75116
感受百变风格魅力诱惑 制服小美女徐cake泰国旅拍花样百出,http://www.mzitu.com/75064
性感MM嘉宝贝儿热带风情大片 海滩比基尼大秀惹火躯体,http://www.mzitu.com/74986
令人垂涎欲滴的美乳 极品欲女珍妮花酒店销魂自摸,http://www.mzitu.com/74945
小萝莉大胸器 俏皮妹子阿乖Kiddo比基尼甜美私房魅力写真,http://www.mzitu.com/74890
欲望少女珍妮花酒店紫色透视薄纱搔首弄姿 挑逗表情甚是撩人,http://www.mzitu.com/74731
ROSI写真情趣系列 风骚妹子黑丝美腿翘臀豪乳让你神魂颠,http://www.mzitu.com/74679
日本F奶巨乳女神杉原杏璃喷血图片曼妙身姿大秀傲人上围,http://www.mzitu.com/74628
性感美女土肥圆矮艺术写真图片 大尺度诱惑美艳绝伦,http://www.mzitu.com/74574
清纯可爱秒变性感火辣 Beautyleg美腿写真 No.2041 Winnie,http://www.mzitu.com/74530
"性感不失清纯,波涛汹涌也能唯美 2016宅男女神大盘点",http://www.mzitu.com/74438
遮不住的致命胸器 头条女神完颜芝芝妩媚入浴逆天身材性感诱人,http://www.mzitu.com/74394
邻家妹子如花般的笑容 甜美可爱清新如水,http://www.mzitu.com/74381
清纯甜蜜又性感火辣 尤果女神颜爱泽童颜巨乳香艳四射,http://www.mzitu.com/74315
性感美女baby嘉茵女仆制服诱惑 大玩薄纱透视浴室湿身,http://www.mzitu.com/74256
性感尤物叶梦轩私房情趣写真 蜂腰美臀火辣惹火,http://www.mzitu.com/74205
日本人气女优羽田爱上演销魂自摸 张腿挑逗动作撩人,http://www.mzitu.com/74151
慵懒的午后致命的诱惑 气质美女伊小七在家一丝不挂,http://www.mzitu.com/74100
颜值爆表巨乳丰满还有双大长腿 清纯MM琳琳泰国旅拍迷煞众人,http://www.mzitu.com/74045
温柔可爱的美院大学生智媛 完美诠释线条的美丽与暴力,http://www.mzitu.com/73995
性感御姐各种姿势诱惑 Beautyleg美腿写真 No.2040 Tokki,http://www.mzitu.com/73940
丰乳肥臀情趣魅惑 新晋乳神E杯奶茶性感大片令人血脉喷张,http://www.mzitu.com/73865
"上得厅堂下得厨房,性感厨娘安乔黑纱透视睡衣浴室湿身诱惑",http://www.mzitu.com/73816
红唇俏护士阿依努尔瓦娅性感写真 纤瘦骨感蚀骨销魂,http://www.mzitu.com/73749
内衣小妖精刘雨露酒店全裸诱惑 酒店里搔首弄姿勾人欲火,http://www.mzitu.com/73706
"周末福利,一个比一个靓 星乐园十大性感女神大盘点",http://www.mzitu.com/73654
宅男福利! 完美身材的性感妹子月音瞳手捧巨乳表情销魂,http://www.mzitu.com/73600
一对巨乳恍瞎眼 短发萌妹子傲娇萌萌纯情私房,http://www.mzitu.com/73559
蜜桃社小美妞真希妹子唯美写真 丰乳肥臀妩媚而性感,http://www.mzitu.com/73507
有气质更有魅力 性感超短裙美女白微Sera半裸玉体露美乳,http://www.mzitu.com/73455
清纯MM韩子萱性感睡衣私拍场面香艳 自摸酥胸嫩乳娇艳欲滴,http://www.mzitu.com/73404
日本极品尤物森下悠里爆乳美腿搔首弄姿 性感香唇销魂蚀骨,http://www.mzitu.com/73339
"头条女神靓丽美女海军风制服诱惑,极致美臀性感撩人",http://www.mzitu.com/73288
已婚少妇优雅华贵 Beautyleg美腿写真 No.2039 Flora,http://www.mzitu.com/73244
性感熟女叶佳颐曼妙身姿娇媚狂野 酥胸美臀引人血脉喷张,http://www.mzitu.com/73189
肚兜美娇娘黑丝诱惑 性感妹子凯竹演绎古典意蕴现代之美,http://www.mzitu.com/73141
养眼清纯萌妹子啊狸性感内衣秀爆乳纵情开腿尺度大开,http://www.mzitu.com/73023
混血美女美女孟狐狸床上性感写真 百变性感内衣魅惑撩人,http://www.mzitu.com/73079
性感女神顾欣怡再扮空姐娇艳四射 长腿美乳诱惑难挡,http://www.mzitu.com/72960
呼之欲出的豪乳 大胸妹子谢芷馨性感睡衣制服诱惑,http://www.mzitu.com/72913
娇俏玲珑可爱性感 大美人Cheryl青树沙滩写真好养眼,http://www.mzitu.com/72867
"甜美与性感一体,妩媚中的唯美 蜜桃社真希妹子内衣翘臀写真",http://www.mzitu.com/72816
深沟爆乳波涛汹涌 尤果女神尹凌儿情趣写真妩媚性感而优雅,http://www.mzitu.com/72750
"性感尤物萌琪琪 雪白肌肤修长美腿,烈火红唇完美胸器",http://www.mzitu.com/72684
日本女优羽田爱性感销魂图 挤胸摸臀姿势撩人,http://www.mzitu.com/72635
"豪放御姐顾欣怡! 床上无内黑丝香艳照,修长大腿间激情无限",http://www.mzitu.com/72570
妩媚动人女人味十足 Beautyleg美腿写真 No.2038 Jennifer,http://www.mzitu.com/72524
豪放大学生李梦婷喷血诱惑 比基尼太紧惊现神秘之沟,http://www.mzitu.com/72462
一抹肚兜遮不住性感春光 推女神巧儿透视睡衣美乳若隐若现,http://www.mzitu.com/72420
妖艳尤物孟狐狸透视睡衣大玩情趣诱惑 身材惹火风情无限,http://www.mzitu.com/72369
星乐园清纯小萝莉茵宝 豪放撩衣酥胸半露性感迷人,http://www.mzitu.com/72325
尤果网冷美人莉恩性感私房 捧不住的巨乳令人热血沸腾,http://www.mzitu.com/72264
"贵妇气质! 小甜心性感睡衣秀黑丝美腿,纤细美姿惹火诱人",http://www.mzitu.com/72202
前挺后翘胸器逼人 性感女神叶佳颐百变制服薄纱睡衣女人味十足,http://www.mzitu.com/72145
日本人气女优里美尤利娅变身甜美小秘书欲望诱惑难挡,http://www.mzitu.com/72089
漂亮妹妹身材好 性感美女陈思雨嫩滑肌肤惹火诱人,http://www.mzitu.com/72036
性感文艺知性萌 混血美人哈拿纯真又不失妩媚,http://www.mzitu.com/72001
纯情女仆调教成性感御姐 推女神程程情趣私房写真太销魂,http://www.mzitu.com/71948
少妇风情让人欲罢不能  Beautyleg美腿写真 No.2037 Flora,http://www.mzitu.com/71908
肤白貌美大长腿 美女喵喵翘臀美乳堪称极品尤物,http://www.mzitu.com/71849
性感又清新的大学生唐佳怡可爱女仆装和性感兔女郎写真,http://www.mzitu.com/71799
优雅大方温柔纯情 尤果网曲铭瑄丝袜美腿狂野却又矜持,http://www.mzitu.com/71733
性感女神LalaBaby傲人身姿惹人垂涎 蕾丝白袜上演女仆诱惑,http://www.mzitu.com/71687
性感尤物夏玲蔓酥胸翘臀撩人心魄 打湿衬衫肉隐肉现,http://www.mzitu.com/71636
制服诱惑睡衣挑逗 最性感火辣的女老师闫盼盼全套福利图,http://www.mzitu.com/71598
巨乳美女李梦婷性感惹火 嘴舔冰淇淋散发致命诱惑,http://www.mzitu.com/71547
身材绝佳笑容甜美 日本美女萝莉黒田有彩清纯又性感,http://www.mzitu.com/71485
赏心悦目过七夕 清纯美女琳琳ailin颜值爆表还有惊人巨乳,http://www.mzitu.com/71439
黑丝秘书VS甜美学姐 Beautyleg美腿写真 No.2036 Winnie,http://www.mzitu.com/71395
性感美人靳宝很寂寞 翘起圆润的美臀香艳无比,http://www.mzitu.com/71329
护士MM薇薇Vivian床上脱丝袜 爆乳美腿撩人心扉,http://www.mzitu.com/71286
性感美乳天然圆润 气质妹子E杯奶茶透视睡衣春光大泄,http://www.mzitu.com/71235
短发美眉冯木木LRIS床上秀翘臀有点帅气有些性感,http://www.mzitu.com/71176
粉嫩肌肤性感乳沟 大美女才可儿制服诱惑香艳来袭,http://www.mzitu.com/71110
野性女王艺潇 透视黑丝浓妆艳抹尽显熟女风情,http://www.mzitu.com/71069
制服控福利图 爆乳尤物LalaBaby黑丝美腿性感火辣!,http://www.mzitu.com/70993
苍井空珍藏版性感比基尼写真 自摸巨乳表情销魂,http://www.mzitu.com/70926
性感宝贝伍月无懈可击的曼妙身姿完美诠释曲线之美,http://www.mzitu.com/70856
美腿御姐丝滑诱惑 Beautyleg美腿写真 No.2035 Dora,http://www.mzitu.com/70813
性感女神于思琪温婉妩媚 撩人身姿上露酥胸下秀美腿,http://www.mzitu.com/70747
极品轻熟女Doobi酒店私拍 电眼红唇诠释人间尤物,http://www.mzitu.com/70694
头条女神诱人姐妹花丹丹&小曼赤裸爱抚演绎女女之爱,http://www.mzitu.com/70629
销魂尤物床上翻滚 圆润美乳诱惑表情羡煞旁人,http://www.mzitu.com/70578
傲人巨乳撩人心扉 模范学院丰满美女JiaJia喷血福利套图,http://www.mzitu.com/70521
清纯MM谢芷馨郊外野游清新迷人 火爆巨乳一饱眼福,http://www.mzitu.com/70465
豪乳撑爆比基尼 可爱萌妹子佩琦Pinky清凉美图好甜美,http://www.mzitu.com/70406
宅男女神沈佳熹绝美性感私房照 肥臀酥胸极致诱惑,http://www.mzitu.com/70371
清纯美女芝芝大胆床照 修长美腿性感翘臀极其诱惑,http://www.mzitu.com/70318
头条女神性感女帝阳阳 夺目大胸器捧都捧不住,http://www.mzitu.com/70274
尤果网性感美女黛熙儿透明情趣内衣魅力无限,http://www.mzitu.com/70208
清纯妹子水手制服性感撩人 极品日本美女犬童美乃梨,http://www.mzitu.com/70160
星乐园新妹子莎莎完美身材高颜值 死库水泳装性感爆表,http://www.mzitu.com/70104
气质御姐迷人电眼 Beautyleg美腿写真 No.2034 Syuan,http://www.mzitu.com/70061
血脉喷张! 性感美女青树秒变爆乳护士狂野脱衣,http://www.mzitu.com/69995
小清新可爱美女主播琳琳ailin比基尼写真性感撩人,http://www.mzitu.com/69947
曼妙身姿风情万种 童颜巨乳妹子月音瞳性感比基尼大片,http://www.mzitu.com/69897
喷血诱惑 极品美女丝姬无内肉丝大秀香臀美腿,http://www.mzitu.com/69836
美媛馆蔡文钰性感可人妩媚娇柔 水汪汪的电眼会勾人,http://www.mzitu.com/69627
清纯美女王梓童 是肌肤胜雪的气质美女也是丰满性感的尤物,http://www.mzitu.com/69735
性感美女丁筱南大开双腿扭翘臀 火爆身材全裸出镜令人窒息,http://www.mzitu.com/69679
翘臀妹子电竞唐嫣性感私房图 粉嫩肌肤吹弹可破,http://www.mzitu.com/69566
傲娇优雅俏女郎啊狸 火爆身材女仆魅力诱惑不可挡,http://www.mzitu.com/69515
甜蜜清新女孩韩恩熙情趣写真 奶油下的粉嫩肉体可口诱人,http://www.mzitu.com/69456
清纯俏皮的日本美女中原未來 胸圆臀肥白晢肌肤性感滑嫩,http://www.mzitu.com/69399
窈窕迷人VS媚眼勾魂 青树集倾情奉献让你倾倒的姐妹花之恋,http://www.mzitu.com/69334
肤白貌美大肥臀的妹子 Beautyleg 美腿写真 No.2033 Kaylar,http://www.mzitu.com/69295
完美身材前凸后翘 纯情重庆妹子思淇Sukiii娇嫩滴滑甜美诱人,http://www.mzitu.com/69242
清纯美女徐cake泰国心愿旅拍 透视内衣床上翻滚放送福利,http://www.mzitu.com/69191
极品美女顾欣怡半裸献身秀坚挺美乳 香艳大尺度引宅男喷血,http://www.mzitu.com/69132
"气质小美女沈蜜桃护士装浴室湿身,玉手遮酥胸春光大泄",http://www.mzitu.com/69075
ROSI写真情趣系列 少妇脱下薄纱睡衣自摸诱惑激情四射,http://www.mzitu.com/69040
真有料! 清新妹妹关思阳薄纱睡衣浴缸湿身胴体一览无遗,http://www.mzitu.com/68989
堪称”人间胸器” 性感美女李宓儿撩衣自摸巨乳大尺度美照,http://www.mzitu.com/68936
优雅唯美似露非露 气质性感美女春娇双手遮胸无限诱惑,http://www.mzitu.com/68870
日本美女岸明日香写真图片大秀G罩杯傲人双峰不愧完美乳神,http://www.mzitu.com/68826
丰乳翘臀娇嫩如水 欲望女郎米娅Miya床上扭动身姿惹火撩人,http://www.mzitu.com/68674
巨乳蜂腰香艳翘臀 Beautyleg 美腿写真 No.2032 Xin,http://www.mzitu.com/68715
性感美女杨漫妮体态丰腴凹凸有致 爱吃香焦令人浮想联翩,http://www.mzitu.com/68765
"甜入人心,小清新美女陆金佳Jessica海边比基尼清凉写真",http://www.mzitu.com/68628
ROSI写真情趣系列 美腿少妇撕扯和服爆乳呼之欲出,http://www.mzitu.com/68533
宅男女神王语纯豪车内大胆脱衣 忘情扭动翘臀不敢直视,http://www.mzitu.com/68577
"劲爆美女喷血诱惑,混血尤物李灿兮肚兜爆乳香艳湿身女人味十足",http://www.mzitu.com/68461
秀人网性感美女谢芷馨酒店床上翻滚 前凸后翘风情万种,http://www.mzitu.com/68429
俏秘书性感护士你爱哪个? 美少女犬童美乃梨制服写真大放送,http://www.mzitu.com/68378
"香艳震撼!学生妹希子酒店秒变爆乳SM女王,销魂电眼气场十足",http://www.mzitu.com/68338
高叉泳装完美曲线Beautyleg 美腿写真 No.2031 Syuan,http://www.mzitu.com/68210
性感美女小甜心sugar私房床照秀翘臀美腿波霸胸宛如女神降临,http://www.mzitu.com/68148
穿衣显瘦脱衣有肉! 娇艳欲滴的清纯嫩妹子梓萱Crystal,http://www.mzitu.com/68100
清纯嫩模何梦兮Stacy情趣SM装束释放美胸翘臀超级性感,http://www.mzitu.com/68049
甜美靓妞兜豆靓变身性感小护士吃香蕉 美艳动人有内涵,http://www.mzitu.com/67985
ROSI写真情趣系列 性感小萝莉脱去肉色丝袜撅起翘臀丰满翘臀,http://www.mzitu.com/67955
寂寞少妇MOMO酒店销魂美照 每一寸肌肤都透着致命的诱惑,http://www.mzitu.com/67896
身材丰满巨乳风俗娘米琪MIKI 女仆制服内衣湿身诱惑勾人魂,http://www.mzitu.com/67835
"性感甜心周若汐浴室湿身,情趣女仆装半裸大秀傲人雪乳",http://www.mzitu.com/68260
"岛国可爱女生亚里沙比基尼写真,性感巨乳挡不住",http://www.mzitu.com/67790
甜美正妹尤美Yumi性感内衣香艳挑逗 勾人电眼似有千言万语,http://www.mzitu.com/67748
魅惑小妖精黑色诱惑 Beautyleg 美腿写真 No.2030 Tina,http://www.mzitu.com/67699
清纯与性感完美结合 气质美人宋梓诺酒店穿丁字裤秀美臀,http://www.mzitu.com/67642
大眼美女赵小米情趣大片脱睡衣 床上翻滚挑战性感极限,http://www.mzitu.com/67570
绝色美女小乔Joyi全裸上阵尺度大开 大胆撅臀无限遐想,http://www.mzitu.com/67511
ROSI写真情趣系列 黑丝美腿波霸翘臀床上诱惑极致香滑,http://www.mzitu.com/67480
"宅男杀手杨依,硕大浑圆的美乳让人欲罢不能的湿身瞬间",http://www.mzitu.com/67409
大奔配美人! 性感美女田熙玥清纯气质劲爆身材让男人垂涎,http://www.mzitu.com/67374
小萝莉晃动的巨乳几欲蹦出 日本清纯妹子永井里菜性感升级,http://www.mzitu.com/67329
波涛汹涌真材实料! D奶嫩模王莹大秀D奶一波未平一波又起,http://www.mzitu.com/67263
黑丝裤袜 连身短裙 Beautyleg 美腿写真 No.2029 Perri,http://www.mzitu.com/67222
超凡脫俗水嫩Q弹 甜美可爱小师妹沈蜜桃肆无忌惮展示傲人双峰,http://www.mzitu.com/67170
青春可爱萌妹子松岛拉面君吊带背心小露酥胸清新唯美,http://www.mzitu.com/67127
极品爆乳尤物麦苹果上演拳击风情秀 性感爆表野性十足,http://www.mzitu.com/67061
气质女神晓雯蜕变欲望熟女 酒店全裸写真释放原始诱惑,http://www.mzitu.com/67001
ROSI写真 胸器逼人的女孩床上撩衣挤胸大秀乳沟,http://www.mzitu.com/66970
"自摸傲人双峰,豪放露底! 美媛馆蔡文钰Angle穿水手服抖E乳",http://www.mzitu.com/66919
丰满熟女李丽莎变身性感厨娘 半裸酥胸完美演绎女仆诱惑,http://www.mzitu.com/66877
风韵女子美艳绝伦! 日本少妇岸明日香比基尼内衣释放撩人气息,http://www.mzitu.com/66824
"轻熟女养成计划 甜美高中生李允,脱去校服变身性感尤物",http://www.mzitu.com/66788
"气质佳人,女神降临 Beautyleg 美腿写真 No.2028 Syuan",http://www.mzitu.com/66738
"小小的性感,淡淡的诱惑 尤果网清新女孩张辛苑纯恋大片",http://www.mzitu.com/66663
赵小米性感写真犹如夏日冰淇淋 浴室清凉湿身诱惑无法挡,http://www.mzitu.com/66612
"尤果网新人逸染透视蕾丝睡衣香艳私房,清凉湿身激情四射!",http://www.mzitu.com/66548
妖娆成精的一代妖姬FoxYini孟狐狸真空上阵挤胸开腿情趣撩人,http://www.mzitu.com/66497
轻灵之气尤物至极 美人青树桃腮带笑含辞未吐勾魂摄魄,http://www.mzitu.com/66431
深沟不见底! 97年性感美女娜露Selena豪华巨乳超级带劲,http://www.mzitu.com/66381
清纯水灵的日本美女中原未来 白皙美乳让人蠢蠢欲动,http://www.mzitu.com/66338
"野性十足的情趣睡衣,倾诉着少妇的寂寞 女王松果儿性感大片",http://www.mzitu.com/66290
旗袍内衣情趣睡裙一样不少 Beautyleg 美腿写真 No.2027 Olivia,http://www.mzitu.com/66252
画面太美睡意全无! 性感甜心王梓童Doirs透视情趣睡衣大玩制服诱惑,http://www.mzitu.com/66201
清纯妹子淼淼萌萌哒惬意园林美好恬静 十万伏特电眼超迷人,http://www.mzitu.com/66160
"极品尤物铃木酒店拍私房,扭腰撅臀开腿大展撩人身姿",http://www.mzitu.com/66113
清爽短发的傲娇萌妹Vivian 凹凸有致的身材让你大饱眼福,http://www.mzitu.com/66076
"前凸后翘,浴室湿身 性感尤物AZHUA让人疯狂的紧致小翘臀",http://www.mzitu.com/66025
性感熟女沈佳熹真空湿身露豪乳 气质优雅娇艳欲滴,http://www.mzitu.com/65964
ROSI写真情趣系列 狂野少妇吊带豹纹内衣性感爆棚,http://www.mzitu.com/65938
腿美腰细臀翘翘  性感美少女sugar小甜心情趣制服诱惑不停,http://www.mzitu.com/65879
日本清纯美女亚里沙清凉写真 曲线迷人大秀丰胸翘臀,http://www.mzitu.com/65827
气质御姐妮可Nicole性感睡衣诱惑 电眼红唇散发极致魅力,http://www.mzitu.com/65776
天生丽质魔鬼身材 Beautyleg 美腿写真 No.2026 Dennise,http://www.mzitu.com/65733
清纯妹子琳琳ailin性感大片风情万种 丰满双峰甜美笑容秒杀宅男,http://www.mzitu.com/65619
长腿美女sugar小甜心粉红色护士制服 魅惑性感别有一番风味,http://www.mzitu.com/65682
"天生尤物王语纯再度全裸来袭,翘臀豪乳火爆身材不敢直视",http://www.mzitu.com/65558
短发妹子Evelyn艾莉海边上演捆绑调教 比基尼湿身透视各种诱惑,http://www.mzitu.com/65507
性感女神徐cake健身房大秀傲人三围 酥胸半露香艳爆表,http://www.mzitu.com/65454
胸大到撑爆制服 日本女护士大尺度出镜令人血脉喷张,http://www.mzitu.com/65397
凝眉巧笑电眼勾人 Yumi尤美紧身内衣性感豪乳呼之欲出,http://www.mzitu.com/65352
"细腰翘臀大长腿,妩媚动人 Beautyleg 美腿写真 No.2025 Tina",http://www.mzitu.com/65257
由下至上的诱惑你忍得住? 黑夜精灵叶佳颐销魂体态婀娜多姿,http://www.mzitu.com/65208
水灵清秀萌萌哒 气质美女淼淼好正好养眼,http://www.mzitu.com/65155
波霸翘臀风情万种 女神谢芷馨一颦一笑让人意乱神迷,http://www.mzitu.com/65003
性感美女佳妮Jenny情趣制服秀 化身欲望小护士全裸爆发天使魅力,http://www.mzitu.com/65103
"ROSI写真情趣系列 薄丝美腿翘臀,诱人的姿势致命的诱惑",http://www.mzitu.com/65054
床上尤物王语纯长发遮羞网袜包臀绝美身材一览无遗,http://www.mzitu.com/64949
"深沟巨乳薄纱遮体,成熟少女沈蜜桃水嫩双峰让人看了想咬一口",http://www.mzitu.com/64888
"日本性感女神佐佐木心音掀裙露底,翘臀美腿风骚狂露",http://www.mzitu.com/64818
靓女有胸器! 香港极品尤物小紫藤 人美波大够正够撩人,http://www.mzitu.com/64783
性感端庄美丽不可方物 Beautyleg 美腿写真 No.2024 Avril,http://www.mzitu.com/64736
薄衫湿身透明似全裸 赵小米浴室写真香乳美臀遮不住,http://www.mzitu.com/64686
挡不住的波涛胸涌 清纯妹子刘飞儿白嫩美乳好诱人,http://www.mzitu.com/64635
性感女王于姬Una销魂娇躯情趣内衣包你血脉喷张,http://www.mzitu.com/64588
性感妖精孟狐狸变装秀 诱人美乳跃跃欲出令人魂牵梦萦,http://www.mzitu.com/64522
ROSI写真情趣系列 肉丝美腿巨乳爆扣太丰满,http://www.mzitu.com/64466
寂寞空姐莉莉Lily酒店玩变装 性感红唇演绎半熟风情,http://www.mzitu.com/64415
风情熟女尤美Yumi电眼勾人魂 惹火半球引来无限遐想,http://www.mzitu.com/64369
美丽人妻二宫沙树 看似清纯甜美却是十分大胆奔放,http://www.mzitu.com/64314
敞胸露乳性感妖艳 乳神陈怡曼完美身材展现的淋漓尽致,http://www.mzitu.com/64248
美人美胸美臀美腿美足 Beautyleg 美腿写真 No.2023 Avril,http://www.mzitu.com/64240
白嫩嫩酥胸欲露还羞 性感尤物王语纯透视内衣姿势撩人,http://www.mzitu.com/64180
"天使与魔鬼一体,甜美粉嫩大胸器 ! 清纯妹子程彤颜私房照",http://www.mzitu.com/64139
媚眼迷人勾人心魄 护士许思铭制服湿身大秀丰满巨乳,http://www.mzitu.com/64067
气质美人佟蔓性感内衣尽显美乳 精致高贵优雅迷人,http://www.mzitu.com/64031
销魂的棒棒糖 天生丽质萌美Moemi致命诱惑不能直视,http://www.mzitu.com/63950
"温馨的旅馆,撩人的妹子 沈佳熹全裸上演湿身诱惑",http://www.mzitu.com/63892
香艳四射勾人心魄 孟狐狸精致五官劲爆身材热辣美艳,http://www.mzitu.com/63829
"日本国民女神,性感甜美的大阪美女KONAN",http://www.mzitu.com/63768
短发辣妹冯木木LRIS翘臀小蛮腰令人热血沸腾,http://www.mzitu.com/63704
肤白貌美大胸器 Beautyleg 美腿写真 No.2022 Kaylar,http://www.mzitu.com/63652
性感天使于姬Una百变制服诱惑 满足男人所有幻想,http://www.mzitu.com/63602
内衣撩起半球外露 清纯妹子夏美酱化身性感小魔女,http://www.mzitu.com/63571
氧气美女于思琪雪白肌肤晶莹剔透 温婉恬静而又性感爆棚,http://www.mzitu.com/63513
甜美电眼难于忘怀 女神熊吖清凉比基尼秀火爆三围,http://www.mzitu.com/63462
ROSI写真情趣系列 令人疯狂的胸器PK遥控器,http://www.mzitu.com/63373
宅男福利! 战姝羽大尺度上身半裸性感黑丝秀翘臀,http://www.mzitu.com/63416
大奶肥臀狂野纹身 极品尤物温心怡Baby让你欲火焚身,http://www.mzitu.com/63330
风情熟女惹火半球 尤美Yumi俏皮妩媚带来无限遐想,http://www.mzitu.com/63289
小身材大诱惑 日本人体艺术之局部特写,http://www.mzitu.com/63248
清新短发勾人电眼 小妖精Jenny佳妮全裸福利私拍流出,http://www.mzitu.com/63121
黑丝淑女美足短裙 Beautyleg 美腿写真 No.2021 Vicni,http://www.mzitu.com/63120
开腿露底不能直视! 极品美女梓萱黑丝美腿制服诱惑,http://www.mzitu.com/63075
甜美而性感!清纯网红李七喜内衣私房翘臀挑逗宅男,http://www.mzitu.com/63020
"大奶妹美女杨依湿身入浴,忘情自摸不知走光",http://www.mzitu.com/62984
ROSI写真情趣系列 性感美女俯身撅臀福利满满,http://www.mzitu.com/62939
翘臀妹子田孝媛性感内衣滚床美艳风骚风情万种,http://www.mzitu.com/62892
视觉盛宴! 美胸皇后于姬Una情趣内衣性感火辣,http://www.mzitu.com/62837
清纯妹子赵小米Kitty丁字裤撅臀让你欲火焚身,http://www.mzitu.com/62783
ROSI写真情趣系列 黑丝白领美女巨乳撑爆衬衣,http://www.mzitu.com/62728
好污! 奶油妹子徐cake丰满双乳挑逗姿势令人浮想联翩,http://www.mzitu.com/62676
超级波霸杉原杏璃长发薄衣浴室湿身巨乳撩人,http://www.mzitu.com/62642
透着一丝寂寞! 性感女王乐乐Mango火辣身材霸气侧漏,http://www.mzitu.com/62593
迷人秀发勾魂眼神 Beautyleg 美腿写真 No.2020 Dana,http://www.mzitu.com/62549
清纯与妖娆一体 萌妹伊小七大秀嫩肤翘臀白皙美腿,http://www.mzitu.com/62496
清纯妹子Evelyn艾莉黑丝制服不慎走光惊爆眼球,http://www.mzitu.com/62392
软妹田熙玥极品制服秀 狂野又纯情令人充满幻想,http://www.mzitu.com/62431
堪称国产风俗娘! 珍藏级巨乳翘臀美女韩恩熙,http://www.mzitu.com/62335
妖艳性感尤物Yuli生活照 S线身姿半裸走光勾人欲火,http://www.mzitu.com/62191
闺蜜之爱 甜美俏佳人夏晓Maggy透明睡衣湿身美不胜收,http://www.mzitu.com/62284
ROSI写真情趣系列 豪放学生妹紫丝高跟鞋制服诱惑,http://www.mzitu.com/62245
前凸后翘高贵迷人! 绝色私房尤物于姬Una情趣内衣大片,http://www.mzitu.com/62140
"彩豆豆Amaris丁字裤风骚秀臀,全裸上阵喷血诱惑",http://www.mzitu.com/62069
日本性感尤物原干惠惹火胸器迷人眼,http://www.mzitu.com/62008
翘臀女王夏茉GIGI巨乳撑爆上衣性感撩人魅力无限,http://www.mzitu.com/61950
黑丝制服诱惑 Beautyleg 美腿写真 No.2019 Ning,http://www.mzitu.com/61893
ROSI写真情趣系列 性感女仆爆乳翘臀诱惑无限,http://www.mzitu.com/61859
朦胧的欲望 推女神清纯妹子彭恬恬撩衣露美胸,http://www.mzitu.com/61813
"肤白貌美胸部大,长腿细腰屁股翘 性感女神李七喜",http://www.mzitu.com/61693
美胸女王李宓儿胸猛来袭激情自摸大尺度诱惑,http://www.mzitu.com/61758
血脉喷张! 绝色香艳女子易阳巨乳摇摇欲坠,http://www.mzitu.com/61622
妩媚妖艳欲露不露! 推女神尤美Ann开档连体袜美图,http://www.mzitu.com/61532
日本最美校花 17岁萌妹子武田玲奈清纯可爱写真,http://www.mzitu.com/61583
娇嫩肌肤白皙水灵 赵小米Kitty全裸无圣光福利图,http://www.mzitu.com/61473
温文尔雅端庄大方 Beautyleg 美腿写真 No.2018 Vanessa,http://www.mzitu.com/61433
酥胸翘臀水蛇腰 性感欲女田孝媛散发致命诱惑,http://www.mzitu.com/61391
熟女韵味荡漾人心 陈雨涵小露香肩秀纹身,http://www.mzitu.com/61351
性感内衣水手服 秀人夏茉GIGI傲人身材翘臀诱惑图,http://www.mzitu.com/61299
短发也风情! 警花文静卸下制服那一刻如此恬静娇柔,http://www.mzitu.com/61233
七分妩媚乱人心 阳光美女Rayshen玉兔慵懒的午后,http://www.mzitu.com/61178
ROSI写真10情趣系列 令人血脉喷张的翘臀丁字裤,http://www.mzitu.com/61151
性感小甜心sugar女军官情趣制服写真豪乳呼之欲出,http://www.mzitu.com/61089
上得厅堂下得厨房 性感护士夏小秋挑逗你的欲望,http://www.mzitu.com/61047
白皙性感韵味十足 日本美女小林惠美火辣写真,http://www.mzitu.com/61006
纯情MM宋梓诺Beeq情趣蕾丝女仆装性感火辣露屁屁,http://www.mzitu.com/60965
百变制服万种风情 Beautyleg 美腿写真 No.2017 Tammy,http://www.mzitu.com/60912
翘臀美女赵小米寂寞自摸 完美胴体洁白无瑕,http://www.mzitu.com/60846
清新俏皮小美女Carol酱可爱卖萌青春无敌,http://www.mzitu.com/60788
尤果网长发气质女郎梦若希情趣睡衣美乳遮不住,http://www.mzitu.com/60754
护士妹子于姬Una情趣透视睡衣前凸后翘高贵迷人,http://www.mzitu.com/60704
惊人胸器香艳惹火 丰满熟女温鈊怡坦胸露乳扮猫女,http://www.mzitu.com/60637
电眼爆乳挑逗 性感妹子韩恩熙全裸展现诱人身姿,http://www.mzitu.com/60603
ROSI写真 短裙mm喝挂了!大胆露底美臀太销魂,http://www.mzitu.com/60559
百变风情宋梓诺Bee水手服换情欲丝袜满足你所有幻想,http://www.mzitu.com/60518
日本第一美乳杉原杏璃床上诱人姿势惹人遐想,http://www.mzitu.com/60477
性感尤物爱丽莎薄纱湿身挤胸 绝美胴体看透透,http://www.mzitu.com/60435
甜美气质制服诱惑 Beautyleg 美腿写真 No.2016,http://www.mzitu.com/60394
樱桃小口波涛汹涌 36D女神晨曦令人神魂颠倒,http://www.mzitu.com/60359
清新妹子SISY思内衣写真 深沟长腿美如天仙,http://www.mzitu.com/60313
总裁最爱! 风骚女秘书三蜜办公室搔首弄姿,http://www.mzitu.com/60267
赤裸裸的诱惑 性感熟女爱丽莎沙发上大展魅惑,http://www.mzitu.com/60226
ROSI写真 美臀少妇最爱穿粉色透明小内裤,http://www.mzitu.com/60181
妖艳熟女若兮风骚魅惑 长腿黑丝吊带袜撅臀泄春光,http://www.mzitu.com/60130
撩衣露乳脱裤秀臀 萌妹子赵小米Kitty变豪放女,http://www.mzitu.com/60054
ROSI写真情趣系列 波涛汹涌红色诱惑,http://www.mzitu.com/60053
腿玩年! 清纯妹子熊吖BOBO撩人姿势大开嫩白美腿,http://www.mzitu.com/60014
日本性感尤物原干惠比基尼大片 甜美笑容风情万种,http://www.mzitu.com/59974
娇艳欲滴! 红唇美女周小然巨乳酥胸火辣丰满,http://www.mzitu.com/59939
气质出众人间极品 Beautyleg 美腿写真 No.2015 Olivia,http://www.mzitu.com/59892
性感爆棚! 夏小秋这让人欲罢不能的美腿,http://www.mzitu.com/59841
屁股沟儿比乳沟还诱人 清纯妹子煊煊内衣写真美图,http://www.mzitu.com/59789
忍不住想咬一口! 草莓女孩沈梦瑶挡不住的诱惑！,http://www.mzitu.com/59747
豪乳肥臀喷血诱惑! 国产风俗媚娘徐路情趣写真,http://www.mzitu.com/59691
性感妹子叶佳颐搔首弄姿身材火辣十分香艳,http://www.mzitu.com/59645
小肚兜大美人 中国风红衫美女酥胸翘臀极致诱惑,http://www.mzitu.com/59604
ROSI写真 性感少妇美腿丝袜美臀私房照,http://www.mzitu.com/59574
为艺术脱光! 惹火尤物丁筱南绝美好身材一览无遗,http://www.mzitu.com/59520
制服控最爱 气质妹子赵小米Kitty女仆装白嫩迷人,http://www.mzitu.com/59482
日本最纯女高中生武田玲奈 清新水嫩好可爱,http://www.mzitu.com/59454
性感美女果儿Victoria大尺度写真巨乳遮不住,http://www.mzitu.com/59402
长腿少妇Lena丝袜美腿沙发上大摆诱人姿势,http://www.mzitu.com/59360
极品混血尤物玛鲁娜 胸大腿长腰细屁股翘,http://www.mzitu.com/59277
初恋般的甜美 气质萝莉教主小九Vin,http://www.mzitu.com/59276
粉嫩可爱兔女郎猩一情趣吊带睡衣令人想入非非,http://www.mzitu.com/59235
性感美女王乔恩浴室制服写真秀翘臀分外妖娆,http://www.mzitu.com/59167
ROSI妹子真豪放 奶牛级波霸撩衣自摸,http://www.mzitu.com/59166
制服女王黄歆苑 化身豪放学姐撩裙开腿妩媚动人,http://www.mzitu.com/59122
巨无霸! 95年大胸妹子么么大尺度写真套图流出,http://www.mzitu.com/59091
性感美女于姬Una轻解罗衫 乳神风采诱惑难挡,http://www.mzitu.com/59058
"萝莉之上,熟女未满 日本宅男女神筱崎爱胸器逼人",http://www.mzitu.com/59025
大胸性感尤物卓芷伊EricA制服诱惑神似马苏,http://www.mzitu.com/58976
气质内衣模特 Beautyleg 美腿写真 No.2015,http://www.mzitu.com/58950
两点若隐若现 Cheryl青树高叉紧身衣私房照,http://www.mzitu.com/58873
姐妹花争艳 气质清新大秀纤细苗条白皙美腿,http://www.mzitu.com/58874
"两个女孩的美丽邂逅 无限激情,无比销魂",http://www.mzitu.com/58804
大胸器又白又嫩 萌妹子苏糯米性感睡衣勾人欲火,http://www.mzitu.com/58772
性感豪乳呼之欲出 慕羽茜内衣私房大秀完美曲线,http://www.mzitu.com/58727
外表清纯内心狂野 性感小护士艾莉情趣网袜好诱惑,http://www.mzitu.com/58676
新春特别奉献Part2 性感御姐美芝Gigi发红包啦,http://www.mzitu.com/58625
翘臀嫩肤美胸 无法抗拒的诱惑 美白甜熊吖BOBO,http://www.mzitu.com/58574
新春特别奉献 女王斯戴媛祝网友红红火火过大年,http://www.mzitu.com/58536
偷食禁果的女孩 性感萝莉柳侑绮创意写真,http://www.mzitu.com/58497
甜美萌妹变身惹火尤物 紧致嫩肌勾人欲火,http://www.mzitu.com/58457
"巨乳美女苏可可酥胸半露,勾魂电眼劲爆自摸",http://www.mzitu.com/58393
和服妹妹水嫩嫩 日本宅男女神杉原杏璃晒美胸,http://www.mzitu.com/58392
情趣女王FoxYini孟狐狸 性感魅惑如狐仙,http://www.mzitu.com/58341
ROSI写真 超大罩杯波霸黑色衬衫爆扣无法一手”掌握”,http://www.mzitu.com/58311
真不愧御姐 F罩杯乳神于姬Una演绎最性感兔女郎,http://www.mzitu.com/58280
短发翘臀小蛮腰 日系妹子Evelyn艾莉内衣写真,http://www.mzitu.com/58253
独居少女的寂寞空虚 夏美酱情趣睡衣居家诱惑,http://www.mzitu.com/58157
百变制服秀 Beautyleg 美腿写真 No.2014 Vicni,http://www.mzitu.com/58156
ROSI写真 寂寞少妇黑丝美腿翘臀露底床上诱惑,http://www.mzitu.com/58107
宅男最爱沈梦瑶 清纯学生妹秒变曼妙兔女郎,http://www.mzitu.com/58031
清纯美女唐雨辰粉红连衣裙秀美腿不慎露底,http://www.mzitu.com/58030
撩人姿势性感又唯美 气质美女慕羽茜自摸美乳,http://www.mzitu.com/57987
不爱穿内裤爱撩裙  豪放天使田芯娜全裸福利图,http://www.mzitu.com/57941
清纯女神Yuli黄佳丽全裸上阵 大胆豪放令人血脉喷张,http://www.mzitu.com/57875
ROSI写真 饱满的双球半露自摸完美身材展露无遗,http://www.mzitu.com/57874
大胆气质熟女萱萱Cecilia真空上阵大秀性感豪乳,http://www.mzitu.com/57823
全裸激情湿身 熟女小雅开裆露乳连身袜真销魂,http://www.mzitu.com/57773
坚挺圆润好胸器 白嫩娇俏MM苏糯米百变写真,http://www.mzitu.com/57722
日系性感女神Kicho美胸翘臀惹火身材令人窒息,http://www.mzitu.com/57685
纤腰翘臀波霸胸 玛鲁娜撩人姿势难以抗拒,http://www.mzitu.com/57609
ROSI写真情趣系列 性感小猫女销魂扭腰撅翘臀,http://www.mzitu.com/57608
楚楚可怜仙气十足 清秀美人张鑫明眸粉唇娇滴滴,http://www.mzitu.com/57526
原始的欲望 养眼美女沈梦瑶独守香闺空寂寞,http://www.mzitu.com/57527
半裸秀臀 王乔恩情趣连体镂空开裆网袜诱惑图,http://www.mzitu.com/57475
挡不住的风情 Evelyn艾莉高叉连体内衣湿身凸点,http://www.mzitu.com/57398
素颜美女清纯的美 刘飞儿透视睡衣深沟毕现,http://www.mzitu.com/57399
珍藏熟女图 性感美女透视睡衣湿身春光大泄,http://www.mzitu.com/57313
童颜巨乳筱崎爱 天真无邪娃娃脸和E罩杯傲人胸围,http://www.mzitu.com/57312
前凸后翘的绝世尤物朱赢情趣睡衣勾人欲火,http://www.mzitu.com/57254
黑丝透视装 Beautyleg 美腿写真 No.2013,http://www.mzitu.com/57251
[ROSI写真 粉红色情趣内衣下舞动的欲望少女,http://www.mzitu.com/57176
周末福利 电眼长腿妹子夏茉GIGI腿开开豪迈露底裤,http://www.mzitu.com/57175
话题女王邹晶晶情趣睡衣SM调教令人血脉喷张,http://www.mzitu.com/57084
捆绑的是肉体 释放的是心灵,http://www.mzitu.com/57085
"ROSI写真 透视情趣睡衣,长腿MM酒店脱丝袜露底",http://www.mzitu.com/57016
这罩杯得有多大? 性感美女闵妮Mily晒圆挺胸器,http://www.mzitu.com/57015
罩不住的胸器 松果儿比基尼写真喷血劲爆,http://www.mzitu.com/56919
千娇百媚小性感 女神叶佳颐三亚旅拍,http://www.mzitu.com/56918
白嫩少女煊煊sunny抚媚床照性感睡衣诱惑,http://www.mzitu.com/56830
这胸这腿这红唇 女神于姬Una沙滩湿身风情万种,http://www.mzitu.com/56831
女神许诺Sabrina 清新美腿少女蜕变成气质贵妇,http://www.mzitu.com/56748
睡衣湿身看透透 泳池边的婀娜女子叶佳颐,http://www.mzitu.com/56747
周末福利 巨乳美女闵妮Mily掀起惊涛万层浪,http://www.mzitu.com/56673
"圣诞小公主程彤颜,清纯无比惹人怜",http://www.mzitu.com/56672
"胸器翘臀电眼红唇,赵伊彤情趣睡衣诠释人间尤物",http://www.mzitu.com/56598
"冬日视觉盛宴 家有少妇爱皮草,妖艳高冷贵气侧漏",http://www.mzitu.com/56600
翘臀美乳水蛇腰令人想入非非 秀人网可可私房照,http://www.mzitu.com/56509
ROSI情趣写真系列 制服爆扣短裙美腿无视走光,http://www.mzitu.com/56508
丰满娇躯惊涛骇浪!冷艳美人雨瞳Yoyo全裸写真,http://www.mzitu.com/56471
"诺诺Nono惹火女仆制服,爆乳翘臀诱惑无限",http://www.mzitu.com/56435
"甜美萝莉苏糯米海边制服秀,撩衣自摸露巨乳",http://www.mzitu.com/56389
"艾莉比基尼湿身写真,身材恰到好处的美",http://www.mzitu.com/56352
"身怀山水风光无限,尤果网赵伊彤令人欲罢不能",http://www.mzitu.com/56289
情趣吊带 Beautyleg 美腿写真 No.2012 Yoyo,http://www.mzitu.com/56288
"制服女王黛蓓琪滚完床单冲个澡,引人无限遐想",http://www.mzitu.com/56223
"大胸美女刘飞儿性感新花样,胶带遮羞挤爆乳",http://www.mzitu.com/56222
"所有男人的梦想,萌妹子小宝酱钻进奔驰AMG",http://www.mzitu.com/56142
日本校花美女杉本有美制服写真美丽冻人,http://www.mzitu.com/56141
"制服睡衣翘臀诱惑,百变女神杨诺依撩人艺术照",http://www.mzitu.com/56055
极品尤物黄可性感写真大玩手铐SM诱惑,http://www.mzitu.com/56056
"大胸美女李雪婷变身豪放女兵,网袜制服不慎走光",http://www.mzitu.com/56014
气质美女兜豆靓Youlina性感小私房大秀屁沟沟,http://www.mzitu.com/55968
极品波霸再度来袭!Barbie可儿绝美巨乳性感写真,http://www.mzitu.com/55891
养眼美女张小西黑色情趣睡衣床上诱惑宅男,http://www.mzitu.com/55892
喷血劲爆! 大波霸松果儿半裸自摸秀迷人腰窝,http://www.mzitu.com/55807
尤果日系妹子Sora脱下校装展露令人心跳的身材,http://www.mzitu.com/55806
"小萝莉大诱惑,性感美女夏美酱打包成礼物送给你",http://www.mzitu.com/55775
"我见犹怜,气质美女Nic妮可可比基尼爆乳写真",http://www.mzitu.com/55724
"淑女也销魂,熊吖BOBO大胆撩裙露底秀美臀",http://www.mzitu.com/55670
养眼红裙 Beautyleg 美腿写真 No.2011 Vicni,http://www.mzitu.com/55646
人间胸器闵妮平安夜送上赤裸裸的祝福,http://www.mzitu.com/55560
日本写真女神谷桃子靓丽迷人甜美清新,http://www.mzitu.com/55552
"长发细腰美颜翘臀大胸器,女神夏茉简直完美",http://www.mzitu.com/55513
"神似马苏的嫩模卓芷伊,妹子图祝您圣诞快乐",http://www.mzitu.com/55472
"柔弱纯情又青涩,张小西全裸写真好娇羞",http://www.mzitu.com/55387
"女王范不可错过,疑是ROSI小雅露脸现真身",http://www.mzitu.com/55338
"香唇诱惑,大美女于娜带给你无限香艳情欲挑逗",http://www.mzitu.com/55261
ROSI写真 乳牛级大胸器如海浪一般波涛汹涌,http://www.mzitu.com/55260
"气质美人姿态万千,性感女郎易阳无圣光流出",http://www.mzitu.com/55183
"艾莉变身狂野女家教,销魂蕾丝内衣故意走光",http://www.mzitu.com/55182
"绝色尤物松果儿全裸上阵,完美曲线一览无余",http://www.mzitu.com/55099
"气质爆表豪乳爆扣,清纯美女夏茉好俊俏",http://www.mzitu.com/55098
"超大胸器撩人心痒,霓梓心大胆写真风尘味十足",http://www.mzitu.com/55065
透视黑丝旗袍 Beautyleg 美腿写真 No.2010 Vanessa,http://www.mzitu.com/55028
杨漫妮粉嫩肌肤吹弹可破浑圆美臀心潮让人澎湃,http://www.mzitu.com/54960
日本美胸皇后原干惠内衣美图迷人美乳抚媚多姿,http://www.mzitu.com/54939
"ROSI写真 粉红睡衣诱惑,丝带遮羞若隐若现",http://www.mzitu.com/54908
胸大就是任性!徐cake深沟夹可乐卖萌香艳至极,http://www.mzitu.com/54856
"火辣曼妙,寂寞小护士木木hanna脸蛋身材都超级正点",http://www.mzitu.com/54814
"制服彼女の诱惑来袭,弱気娘纯小希大胆挑战漆皮诱惑",http://www.mzitu.com/54768
"喷血,纸巾速备! 丰乳肥臀少妇梓安情趣睡衣风骚诱人",http://www.mzitu.com/54722
"开着游艇去泡妞,清纯美女刘飞儿出海罗",http://www.mzitu.com/54691
"匹布难掩胴体,乳神张栩菲浴室湿身激情四射",http://www.mzitu.com/54649
破洞网袜 Beautyleg 美腿写真 No.2009 Syuan,http://www.mzitu.com/54625
大饱眼福! 电眼美少女许文婷上演日系制服诱惑,http://www.mzitu.com/54589
日本极品美女谷桃子性感写真图片,http://www.mzitu.com/54553
"简直天仙气质,唐雨辰性感内衣私房照",http://www.mzitu.com/54507
"爆乳女神徐cake,性感茶花女制服诱惑",http://www.mzitu.com/54481
可爱小白兔夏美酱半露酥胸清新笑空让人心动,http://www.mzitu.com/54427
ROSI写真 美胸MM黑色薄纱睡衣玩透视,http://www.mzitu.com/54404
"叫板刘娅希,翘臀皇后玛鲁娜黑丝变身绝色女秘书",http://www.mzitu.com/54354
"美人王语纯撩衣入浴,春光乍泄两点依稀可见",http://www.mzitu.com/54316
羞! 清纯妹子艾莉泳池半裸戏水完美展露好身材,http://www.mzitu.com/54285
城会玩! 嫩模刘飞儿竟扮高中生在公园大胆脱裤子,http://www.mzitu.com/54201
寂寞少妇纯小希家中搔首弄姿表情销魂勾人心魄,http://www.mzitu.com/54239
"致命诱惑,尤果性感乳神霓梓心制服网袜大玩镣拷捆绑",http://www.mzitu.com/54153
甜美秘书 Beautyleg 美腿写真 No.2008 Lucy,http://www.mzitu.com/54103
"黑丝女老师刘娅希开衫秀豪乳,弯腰捡笔不惧走光",http://www.mzitu.com/54065
日本著名AV女优花木衣世大胆撩衣秀嫩乳,http://www.mzitu.com/54016
"夏茉GIGI挤胸撅臀, 宅男最爱的粉色睡衣和黑色内衣",http://www.mzitu.com/53973
撑爆衬衫扣子的性感学姐嘉嘉Tiffany,http://www.mzitu.com/53954
性感女郎百变女神木婉晴制服湿身前凸后翘各种诱惑,http://www.mzitu.com/53920
ROSI写真 粉色性感蕾丝睡衣豪乳翘臀火辣销魂,http://www.mzitu.com/53897
俄蒙混血美女FoxYini孟狐狸大尺度睡衣照,http://www.mzitu.com/53852
"优格女孩小宝酱,阳光清新小性感",http://www.mzitu.com/53808
"优雅甜美娜露Selena,丰乳肥臀的最完美演绎",http://www.mzitu.com/53761
"美腿翘臀尺度破表,许诺扯破黑丝激情挤胸",http://www.mzitu.com/53718
南湘baby改名林恩芝走清新路线复出,http://www.mzitu.com/53680
"黑色蕾丝吊带袜,让人蠢蠢欲动的巨乳女神刘娅希",http://www.mzitu.com/53636
红丝翘臀 Beautyleg 美腿写真 No.2007 Avril,http://www.mzitu.com/53605
美媛馆性感美女猩一床上全裸挤胸翘臀极致诱惑,http://www.mzitu.com/53563
日本花花公子最受期待女星川村里香,http://www.mzitu.com/53521
"尤果网百变女神王瑞儿,无人能抵御的致命制服诱惑",http://www.mzitu.com/53481
"长发电眼翘臀美傲人双峰,完美女神夏娜cherry",http://www.mzitu.com/53443
甜蜜美人熊吖BOBO蕾丝睡衣午后私房好惬意,http://www.mzitu.com/53399
"麻辣女教官VS清纯校花,由夏美酱与刘娅希倾情演绎",http://www.mzitu.com/53355
"黑丝吊带,翘臀女王  Beautyleg 美腿写真 No.2006",http://www.mzitu.com/53332
昔日清纯嫩模夏美酱已蜕变性感尤物,http://www.mzitu.com/53281
"香唇把玩棒棒糖,萌妹子徐cake水手服半露嫩乳",http://www.mzitu.com/53253
"长发电眼大胸美腿,尤果梓安看似清雅却又火辣",http://www.mzitu.com/53216
"清纯妹子内衣写真美图,诱人魅眼气质迷人",http://www.mzitu.com/53183
"撩人萌妹子徐cake女仆制服玩蛋糕,想吃吗?",http://www.mzitu.com/53143
日本女优大桥未久扯破比基尼好狂野,http://www.mzitu.com/53115
"翘臀豪乳酷刺青,气质女神夏美酱性感内衣写真",http://www.mzitu.com/53071
"颜值高,乳沟深,牛仔衣真好看",http://www.mzitu.com/53057
黑丝轻熟女秘书 Beautyleg 美腿写真 No.2005 Syuan,http://www.mzitu.com/53018
性感女郎爆乳凶妹王依萌大胆人体艺术写真,http://www.mzitu.com/52982
"清纯脸庞魔鬼身材,模范学院嫩模徐cake性感睡衣私照",http://www.mzitu.com/52943
"甜美火辣刘飞儿性感内衣秀,撩人姿势让你鼻血喷不停",http://www.mzitu.com/52914
"制服美胸阁楼风情,气质美女Nic妮可可化身白衣天使",http://www.mzitu.com/52880
"慕羽茜蕾丝情趣内衣大片,豪乳隐隐约约呼之欲出",http://www.mzitu.com/52844
ROSI写真 豹纹内衣妹子无视走光着薄丝秀美腿翘臀,http://www.mzitu.com/52775
日本高冷女神多田麻美制服诱惑野性十足,http://www.mzitu.com/52806
气质美女夏茉GIGI古装性感肚兜大秀翘臀玩穿越,http://www.mzitu.com/52744
"美女穿衬衫太撩人,Rayshen美女勾人表情让人浮想联翩",http://www.mzitu.com/52723
熟女内衣秀 Beautyleg 美腿写真 No.2004 Xin,http://www.mzitu.com/52693
"美如画中仙,媚眼勾人心魄的美女顾欣怡",http://www.mzitu.com/52648
"养眼嫩模Nic妮可可,快撑破性感小背心的浑圆巨乳",http://www.mzitu.com/52600
"极品松果儿化身现代版玉兔,俏皮可爱让人心跳加速",http://www.mzitu.com/52562
"萌妹子徐cake性感睡衣写真福利图,白嫩美乳非常惹火",http://www.mzitu.com/52511
"不露沟也撩人,气质妹子艾诗iccey性感私房照",http://www.mzitu.com/52481
"小萝莉Evelyn艾莉私房写真,紧身内内刺激眼球",http://www.mzitu.com/52388
"学生,猫女,女仆全都有,兜豆靓Youlina百变制服诱惑",http://www.mzitu.com/52438
性感女郎陈怡曼无圣光大尺度私房照未流出版,http://www.mzitu.com/52349
ROSI写真 迷人衬衣妹子半露酥胸,http://www.mzitu.com/52327
性感少妇SiByl李思宁脱去情趣睡衣全裸入浴,http://www.mzitu.com/52276
"雪肤美肌大胸器,日本美女亚里沙爆乳写真",http://www.mzitu.com/52231
"美媛馆徐cake警花制服诱惑,黑丝豪乳香艳撩人",http://www.mzitu.com/52180
最爱嘟嘴卖萌的可爱兔女郎刘娅希,http://www.mzitu.com/52136
大奶嫩模陈怡曼全新性感睡衣诱惑大片,http://www.mzitu.com/52085
ROSI写真 美女真空挤胸自摸鼻血四溅,http://www.mzitu.com/52067
粉色内衣靓空姐 Beautyleg 美腿写真 No.2003 Kaylar,http://www.mzitu.com/52037
巨乳嫩模刘飞儿Faye黑色比基尼上演终极魅惑,http://www.mzitu.com/51992
rayshen寂寞少妇小瑞希的销魂表情,http://www.mzitu.com/51975
清新妹子熊吖BOBO紧身内衣显窈窕曲线,http://www.mzitu.com/51930
性感美女徐cake比基尼戏水乳此迷人,http://www.mzitu.com/51888
"日本第一写真美女原干惠内衣写真,G奶爆乳",http://www.mzitu.com/51843
性感女郎翘臀尤物莫雨百度制服大尺度私房照,http://www.mzitu.com/51800
"极品尤物,性感女郎雯雯全裸喷血写真",http://www.mzitu.com/51768
性感御姐傅诗瑶siri浴缸赤裸湿身撩人,http://www.mzitu.com/51682
"清新又性感,尤果美女张冬浴室完美诠释深闺寂寞",http://www.mzitu.com/51726
"性感女神邹晶晶红色内衣秀妖娆身段,野性十足",http://www.mzitu.com/51640
气质美女Cheryl青树白色内衣和豹纹比基尼诱惑宅男,http://www.mzitu.com/51595
粉红情趣睡衣  LegLegs 美腿写真 No.101 Minna,http://www.mzitu.com/51554
复旦校花龚叶轩Paris超级豪乳亮瞎眼球,http://www.mzitu.com/51510
清纯妹子许诺Sabrina马尔代夫旅拍清新抚媚,http://www.mzitu.com/51471
ROSI写真  坚挺双乳半露着浓郁诱人的气质,http://www.mzitu.com/51445
勾人心魄的冷艳美女Nicole妮可黑色内衣秀,http://www.mzitu.com/51405
妩媚柔情绮里嘉湿身牛奶浴秀极致好身材,http://www.mzitu.com/51370
翘臀撩人 ALICE梁紫轩性感睡衣制服诱惑,http://www.mzitu.com/51329
ROSI写真 巨乳无法遮挡 蕾丝尽显迷人长腿,http://www.mzitu.com/51310
白嫩气质美女伊小七MoMo性感私房照,http://www.mzitu.com/51276
清纯美女熊吖BOBO泳装写真甜美迷人,http://www.mzitu.com/51240
宅男女神杉原杏璃比基尼秀浑圆美乳,http://www.mzitu.com/51202
"极品尤物赵伊彤撑爆睡衣,丰乳肥臀很诱惑",http://www.mzitu.com/51178
黑丝性感睡衣 LegLegs 美腿写真 No.100 Winnie,http://www.mzitu.com/51145
"美女与美味,性感室内奶油系列之顾欣怡",http://www.mzitu.com/51102
清纯美女伊小七MoMo气质水灵女神范,http://www.mzitu.com/51083
极品尤物! 火辣姐妹花双飞诱惑,http://www.mzitu.com/51042
吊带蕾丝内衣 Beautyleg 美腿写真 No.2003 Miki,http://www.mzitu.com/51010
"很纯很性感,Milk楚楚海边比基尼秀完美曲线",http://www.mzitu.com/50979
肉感美人赵伊彤黑丝破洞网袜滚床单无限诱惑,http://www.mzitu.com/50937
日系美少女蜜嘟喵很甜美很性感,http://www.mzitu.com/50896
性感美女佟蔓销魂写真香艳诱人,http://www.mzitu.com/50863
极品尤物徐cake的超大尺度婚纱照,http://www.mzitu.com/50819
清新妹子唐雨辰性感内衣写真秀完美胸型,http://www.mzitu.com/50795
"性感美女王凌宇制服诱惑,纹身尽显女王风范",http://www.mzitu.com/50756
清纯美女唐雨辰黑色连体内衣私房写真,http://www.mzitu.com/50724
秀人网 迷人的小妖精淼淼babynever,http://www.mzitu.com/50684
制服诱惑 Beautyleg 美腿写真 No.2002 Miso,http://www.mzitu.com/50648
美媛馆清纯小美女Milk楚楚公园性感写真,http://www.mzitu.com/50616
90后性感尤物夏美酱撩衣大秀傲人美胸,http://www.mzitu.com/50574
日本性感少女喜屋武千秋高清内衣写真,http://www.mzitu.com/50536
四川师大校花顾欣怡云曼旅拍风情万种,http://www.mzitu.com/50494
"有点慵懒有点甜,夏茉GIGI情趣睡衣露乳沟",http://www.mzitu.com/50457
性感连体内衣 Beautyleg 美腿写真 No.2001,http://www.mzitu.com/50435
甜美清纯妹子刘飞儿最后只有包包遮体,http://www.mzitu.com/50396
ROSI写真 完美曲线火辣双峰简直就像足球,http://www.mzitu.com/50359
"再来一个诱人秘书OL制服,美媛馆熊吖BOBO",http://www.mzitu.com/50318
"如此火辣尤物秘书,你能专心工作吗?",http://www.mzitu.com/50284
"最爱学生制服,很像娄艺潇的秀人新妹子唐雨辰",http://www.mzitu.com/50244
"秀人网女神美熙,米妮,莫晓茜巨乳大PK",http://www.mzitu.com/50210
ROSI写真10情趣系列  丁字裤翘臀欣赏,http://www.mzitu.com/50184
微博爆红嫩模们的绝美清纯私房,http://www.mzitu.com/50163
"尤物推荐,秀人网新模Nicole气质甜美身材魔鬼",http://www.mzitu.com/50122
美媛馆第一清纯妹子Milk楚楚清新写真,http://www.mzitu.com/50087
甜美女神刘飞儿泳装写真自摸白皙巨乳,http://www.mzitu.com/50048
日本宅男女神杉原杏璃内衣写真露半球令人心动,http://www.mzitu.com/50010
制服诱惑 Beautyleg 美腿写真 No.2000 Sammi,http://www.mzitu.com/49969
尤果性感美女Miko兮媛情趣内衣滚床单,http://www.mzitu.com/49940
"豪乳美腿翘臀,性感妹子萌萌性感睡衣写真",http://www.mzitu.com/49905
秀人性感妹子优琪琪子yuki内衣写真秀嫩乳,http://www.mzitu.com/49877
Manuela玛鲁娜 让人喷血不知火舞COSPLAY,http://www.mzitu.com/49836
IMISS爱蜜社 甜美迷人的小猫女LalaBaby啦啦,http://www.mzitu.com/49802
尤果女郎梦瑶 复古情趣睡衣下傲人美胸性感十足,http://www.mzitu.com/49756
爱蜜社电眼美女夏茉GIGI演绎野性小猫女,http://www.mzitu.com/49727
秀人第一翘臀美女玛鲁娜女仆制服诱惑,http://www.mzitu.com/49691
阳光甜美少女刘飞儿Faye公园撩衣秀豪乳,http://www.mzitu.com/49660
"夏茉GIGI电眼勾宅男,高清性感私房床照",http://www.mzitu.com/49602
闷骚欲女娜依灵儿勾魂性感写真,http://www.mzitu.com/49630
尤果女郎美熙只穿乳贴牛奶浴无限诱惑,http://www.mzitu.com/49569
MiStar 嘉嘉Tiffany 白色护士制服大走光,http://www.mzitu.com/49552
丰满美女娜依灵儿高清无圣光性感美图,http://www.mzitu.com/49514
清纯妹子夏茉GIGI旗袍写真尽显气质,http://www.mzitu.com/49493
ROSI写真 大波妹小莉情趣内衣极致诱惑,http://www.mzitu.com/49457
